# Blender 4.3.2
# www.blender.org
mtllib player.mtl
o 球
v 0.000000 0.831470 0.555570
v 0.000000 0.555570 0.831470
v 0.000000 0.195090 0.980785
v 0.000000 0.000000 1.000000
v 0.000000 -0.195090 0.980785
v 0.000000 -0.555570 0.831470
v -0.038060 0.980785 0.191342
v -0.074658 0.923880 0.375330
v -0.108386 0.831470 0.544895
v -0.137950 0.707107 0.693520
v -0.162212 0.555570 0.815493
v -0.180240 0.382683 0.906127
v -0.191342 0.195090 0.961940
v -0.195090 0.000000 0.980785
v -0.191342 -0.195090 0.961940
v -0.180240 -0.382683 0.906127
v -0.162212 -0.555570 0.815493
v -0.137950 -0.707107 0.693520
v -0.108386 -0.831470 0.544895
v -0.074658 -0.923880 0.375330
v -0.038060 -0.980785 0.191342
v -0.074658 0.980785 0.180240
v -0.146447 0.923880 0.353553
v -0.212608 0.831470 0.513280
v -0.270598 0.707107 0.653281
v -0.318190 0.555570 0.768178
v -0.353553 0.382683 0.853553
v -0.375330 0.195090 0.906127
v -0.382683 0.000000 0.923879
v -0.375330 -0.195090 0.906127
v -0.353553 -0.382683 0.853553
v -0.318190 -0.555570 0.768178
v -0.270598 -0.707107 0.653281
v -0.212608 -0.831470 0.513280
v -0.146447 -0.923880 0.353553
v -0.074658 -0.980785 0.180240
v -0.108386 0.980785 0.162212
v -0.212608 0.923880 0.318190
v -0.308658 0.831470 0.461940
v -0.392847 0.707107 0.587938
v -0.461940 0.555570 0.691342
v -0.513280 0.382683 0.768178
v -0.544895 0.195090 0.815493
v -0.555570 0.000000 0.831469
v -0.544895 -0.195090 0.815493
v -0.513280 -0.382683 0.768178
v -0.461940 -0.555570 0.691342
v -0.392847 -0.707107 0.587938
v -0.308658 -0.831470 0.461940
v -0.212608 -0.923880 0.318190
v -0.108386 -0.980785 0.162212
v -0.137950 0.980785 0.137950
v -0.270598 0.923880 0.270598
v -0.392847 0.831470 0.392847
v -0.500000 0.707107 0.500000
v -0.587938 0.555570 0.587938
v -0.653281 0.382683 0.653281
v -0.693520 0.195090 0.693520
v -0.707107 0.000000 0.707107
v -0.693520 -0.195090 0.693520
v -0.653281 -0.382683 0.653281
v -0.587938 -0.555570 0.587938
v -0.500000 -0.707107 0.500000
v -0.392847 -0.831470 0.392847
v -0.270598 -0.923880 0.270598
v -0.137950 -0.980785 0.137950
v -0.162212 0.980785 0.108386
v -0.318190 0.923880 0.212608
v -0.461940 0.831470 0.308658
v -0.587938 0.707107 0.392847
v -0.691342 0.555570 0.461940
v -0.768178 0.382683 0.513280
v -0.815493 0.195090 0.544895
v -0.831470 0.000000 0.555570
v -0.815493 -0.195090 0.544895
v -0.768178 -0.382683 0.513280
v -0.691342 -0.555570 0.461940
v -0.587938 -0.707107 0.392847
v -0.461940 -0.831470 0.308658
v -0.318190 -0.923880 0.212608
v -0.162212 -0.980785 0.108386
v 0.000000 1.000000 0.000000
v -0.180240 0.980785 0.074658
v -0.353553 0.923880 0.146447
v -0.513280 0.831470 0.212607
v -0.653281 0.707107 0.270598
v -0.768178 0.555570 0.318190
v -0.853553 0.382683 0.353553
v -0.906127 0.195090 0.375330
v -0.923879 0.000000 0.382683
v -0.906127 -0.195090 0.375330
v -0.853553 -0.382683 0.353553
v -0.768178 -0.555570 0.318190
v -0.653281 -0.707107 0.270598
v -0.513280 -0.831470 0.212607
v -0.353553 -0.923880 0.146447
v -0.180240 -0.980785 0.074658
v -0.191342 0.980785 0.038060
v -0.375330 0.923880 0.074658
v -0.544895 0.831470 0.108386
v -0.693520 0.707107 0.137950
v -0.815493 0.555570 0.162212
v -0.906127 0.382683 0.180240
v -0.961940 0.195090 0.191342
v -0.980785 0.000000 0.195090
v -0.961940 -0.195090 0.191342
v -0.906127 -0.382683 0.180240
v -0.815493 -0.555570 0.162212
v -0.693520 -0.707107 0.137950
v -0.544895 -0.831470 0.108386
v -0.375330 -0.923880 0.074658
v -0.191342 -0.980785 0.038060
v -0.195090 0.980785 -0.000000
v -0.382683 0.923880 -0.000000
v -0.555570 0.831470 -0.000000
v -0.707107 0.707107 0.000000
v -0.831469 0.555570 -0.000000
v -0.923879 0.382683 0.000000
v -0.980785 0.195090 -0.000000
v -1.000000 0.000000 -0.000000
v -0.980785 -0.195090 -0.000000
v -0.923879 -0.382683 0.000000
v -0.831469 -0.555570 -0.000000
v -0.707107 -0.707107 0.000000
v -0.555570 -0.831470 -0.000000
v -0.382683 -0.923880 -0.000000
v -0.195090 -0.980785 -0.000000
v -0.191342 0.980785 -0.038060
v -0.375330 0.923880 -0.074658
v -0.544895 0.831470 -0.108386
v -0.693520 0.707107 -0.137950
v -0.815493 0.555570 -0.162212
v -0.906127 0.382683 -0.180240
v -0.961940 0.195090 -0.191342
v -0.980785 0.000000 -0.195090
v -0.961940 -0.195090 -0.191342
v -0.906127 -0.382683 -0.180240
v -0.815493 -0.555570 -0.162212
v -0.693520 -0.707107 -0.137950
v -0.544895 -0.831470 -0.108386
v -0.375330 -0.923880 -0.074658
v -0.191342 -0.980785 -0.038060
v -0.180240 0.980785 -0.074658
v -0.353553 0.923880 -0.146447
v -0.513280 0.831470 -0.212608
v -0.653281 0.707107 -0.270598
v -0.768178 0.555570 -0.318190
v -0.853553 0.382683 -0.353553
v -0.906127 0.195090 -0.375330
v -0.923879 0.000000 -0.382683
v -0.906127 -0.195090 -0.375330
v -0.853553 -0.382683 -0.353553
v -0.768178 -0.555570 -0.318190
v -0.653281 -0.707107 -0.270598
v -0.513280 -0.831470 -0.212608
v -0.353553 -0.923880 -0.146447
v -0.180240 -0.980785 -0.074658
v -0.162212 0.980785 -0.108386
v -0.318190 0.923880 -0.212608
v -0.461940 0.831470 -0.308658
v -0.587938 0.707107 -0.392847
v -0.691341 0.555570 -0.461940
v -0.768178 0.382683 -0.513280
v -0.815493 0.195090 -0.544895
v -0.831469 0.000000 -0.555570
v -0.815493 -0.195090 -0.544895
v -0.768178 -0.382683 -0.513280
v -0.691341 -0.555570 -0.461940
v -0.587938 -0.707107 -0.392847
v -0.461940 -0.831470 -0.308658
v -0.318190 -0.923880 -0.212608
v -0.162212 -0.980785 -0.108386
v -0.137950 0.980785 -0.137950
v -0.270598 0.923880 -0.270598
v -0.392847 0.831470 -0.392847
v -0.500000 0.707107 -0.500000
v -0.587938 0.555570 -0.587938
v -0.653281 0.382683 -0.653281
v -0.693520 0.195090 -0.693520
v -0.707106 0.000000 -0.707107
v -0.693520 -0.195090 -0.693520
v -0.653281 -0.382683 -0.653281
v -0.587938 -0.555570 -0.587938
v -0.500000 -0.707107 -0.500000
v -0.392847 -0.831470 -0.392847
v -0.270598 -0.923880 -0.270598
v -0.137950 -0.980785 -0.137950
v -0.108386 0.980785 -0.162212
v -0.212607 0.923880 -0.318190
v -0.308658 0.831470 -0.461940
v -0.392847 0.707107 -0.587938
v -0.461940 0.555570 -0.691342
v -0.513280 0.382683 -0.768178
v -0.544895 0.195090 -0.815493
v -0.555570 0.000000 -0.831469
v -0.544895 -0.195090 -0.815493
v -0.513280 -0.382683 -0.768178
v -0.461940 -0.555570 -0.691342
v -0.392847 -0.707107 -0.587938
v -0.308658 -0.831470 -0.461940
v -0.212607 -0.923880 -0.318190
v -0.108386 -0.980785 -0.162212
v -0.074658 0.980785 -0.180240
v -0.146447 0.923880 -0.353553
v -0.212607 0.831470 -0.513280
v -0.270598 0.707107 -0.653281
v -0.318189 0.555570 -0.768178
v -0.353553 0.382683 -0.853553
v -0.375330 0.195090 -0.906127
v -0.382683 0.000000 -0.923879
v -0.375330 -0.195090 -0.906127
v -0.353553 -0.382683 -0.853553
v -0.318189 -0.555570 -0.768178
v -0.270598 -0.707107 -0.653281
v -0.212607 -0.831470 -0.513280
v -0.146447 -0.923880 -0.353553
v -0.074658 -0.980785 -0.180240
v -0.038060 0.980785 -0.191342
v -0.074658 0.923880 -0.375330
v -0.108386 0.831470 -0.544895
v -0.137950 0.707107 -0.693520
v -0.162212 0.555570 -0.815493
v -0.180240 0.382683 -0.906127
v -0.191342 0.195090 -0.961939
v -0.195090 0.000000 -0.980785
v -0.191342 -0.195090 -0.961939
v -0.180240 -0.382683 -0.906127
v -0.162212 -0.555570 -0.815493
v -0.137950 -0.707107 -0.693520
v -0.108386 -0.831470 -0.544895
v -0.074658 -0.923880 -0.375330
v -0.038060 -0.980785 -0.191342
v 0.000000 0.980785 -0.195090
v 0.000000 0.923880 -0.382683
v 0.000000 0.831470 -0.555570
v 0.000000 0.707107 -0.707107
v 0.000000 0.555570 -0.831469
v -0.000000 0.382683 -0.923879
v 0.000000 0.195090 -0.980785
v 0.000000 0.000000 -0.999999
v 0.000000 -0.195090 -0.980785
v -0.000000 -0.382683 -0.923879
v 0.000000 -0.555570 -0.831469
v 0.000000 -0.707107 -0.707107
v 0.000000 -0.831470 -0.555570
v 0.000000 -0.923880 -0.382683
v 0.000000 -0.980785 -0.195090
v 0.038060 0.980785 -0.191342
v 0.074658 0.923880 -0.375330
v 0.108386 0.831470 -0.544895
v 0.137950 0.707107 -0.693520
v 0.162212 0.555570 -0.815493
v 0.180240 0.382683 -0.906127
v 0.191342 0.195090 -0.961939
v 0.195091 0.000000 -0.980785
v 0.191342 -0.195090 -0.961939
v 0.180240 -0.382683 -0.906127
v 0.162212 -0.555570 -0.815493
v 0.137950 -0.707107 -0.693520
v 0.108386 -0.831470 -0.544895
v 0.074658 -0.923880 -0.375330
v 0.038060 -0.980785 -0.191342
v 0.074658 0.980785 -0.180240
v 0.146447 0.923880 -0.353553
v 0.212608 0.831470 -0.513280
v 0.270598 0.707107 -0.653281
v 0.318190 0.555570 -0.768177
v 0.353553 0.382683 -0.853553
v 0.375330 0.195090 -0.906127
v 0.382683 0.000000 -0.923879
v 0.375330 -0.195090 -0.906127
v 0.353553 -0.382683 -0.853553
v 0.318190 -0.555570 -0.768177
v 0.270598 -0.707107 -0.653281
v 0.212608 -0.831470 -0.513280
v 0.146447 -0.923880 -0.353553
v 0.074658 -0.980785 -0.180240
v 0.108386 0.980785 -0.162212
v 0.212608 0.923880 -0.318190
v 0.308658 0.831470 -0.461939
v 0.392847 0.707107 -0.587938
v 0.461940 0.555570 -0.691341
v 0.513280 0.382683 -0.768178
v 0.544895 0.195090 -0.815493
v 0.555570 0.000000 -0.831469
v 0.544895 -0.195090 -0.815493
v 0.513280 -0.382683 -0.768178
v 0.461940 -0.555570 -0.691341
v 0.392847 -0.707107 -0.587938
v 0.308658 -0.831470 -0.461939
v 0.212608 -0.923880 -0.318190
v 0.108386 -0.980785 -0.162212
v 0.137950 0.980785 -0.137950
v 0.270598 0.923880 -0.270598
v 0.392847 0.831470 -0.392847
v 0.500000 0.707107 -0.500000
v 0.587938 0.555570 -0.587937
v 0.653281 0.382683 -0.653281
v 0.693520 0.195090 -0.693520
v 0.707106 0.000000 -0.707106
v 0.693520 -0.195090 -0.693520
v 0.653281 -0.382683 -0.653281
v 0.587938 -0.555570 -0.587937
v 0.500000 -0.707107 -0.500000
v 0.392847 -0.831470 -0.392847
v 0.270598 -0.923880 -0.270598
v 0.137950 -0.980785 -0.137950
v 0.000000 -1.000000 0.000000
v 0.162212 0.980785 -0.108386
v 0.318190 0.923880 -0.212607
v 0.461940 0.831470 -0.308658
v 0.587938 0.707107 -0.392847
v 0.691341 0.555570 -0.461939
v 0.768177 0.382683 -0.513280
v 0.815493 0.195090 -0.544895
v 0.831469 0.000000 -0.555569
v 0.815493 -0.195090 -0.544895
v 0.768177 -0.382683 -0.513280
v 0.691341 -0.555570 -0.461939
v 0.587938 -0.707107 -0.392847
v 0.461940 -0.831470 -0.308658
v 0.318190 -0.923880 -0.212607
v 0.162212 -0.980785 -0.108386
v 0.180240 0.980785 -0.074658
v 0.353553 0.923880 -0.146447
v 0.513280 0.831470 -0.212607
v 0.653281 0.707107 -0.270598
v 0.768177 0.555570 -0.318189
v 0.853553 0.382683 -0.353553
v 0.906127 0.195090 -0.375330
v 0.923879 0.000000 -0.382683
v 0.906127 -0.195090 -0.375330
v 0.853553 -0.382683 -0.353553
v 0.768177 -0.555570 -0.318189
v 0.653281 -0.707107 -0.270598
v 0.513280 -0.831470 -0.212607
v 0.353553 -0.923880 -0.146447
v 0.180240 -0.980785 -0.074658
v 0.191342 0.980785 -0.038060
v 0.375330 0.923880 -0.074658
v 0.544895 0.831470 -0.108386
v 0.693520 0.707107 -0.137950
v 0.815493 0.555570 -0.162211
v 0.906127 0.382683 -0.180240
v 0.961939 0.195090 -0.191341
v 0.980784 0.000000 -0.195090
v 0.961939 -0.195090 -0.191341
v 0.906127 -0.382683 -0.180240
v 0.815493 -0.555570 -0.162211
v 0.693520 -0.707107 -0.137950
v 0.544895 -0.831470 -0.108386
v 0.375330 -0.923880 -0.074658
v 0.191342 -0.980785 -0.038060
v 0.195090 0.980785 0.000000
v 0.382683 0.923880 0.000000
v 0.555570 0.831470 0.000000
v 0.707107 0.707107 0.000000
v 0.831469 0.555570 0.000000
v 0.923879 0.382683 0.000000
v 0.980785 0.195090 0.000000
v 0.999999 0.000000 0.000000
v 0.980785 -0.195090 0.000000
v 0.923879 -0.382683 0.000000
v 0.831469 -0.555570 0.000000
v 0.707107 -0.707107 0.000000
v 0.555570 -0.831470 0.000000
v 0.382683 -0.923880 0.000000
v 0.195090 -0.980785 0.000000
v 0.191342 0.980785 0.038060
v 0.375330 0.923880 0.074658
v 0.544895 0.831470 0.108386
v 0.693520 0.707107 0.137950
v 0.815493 0.555570 0.162212
v 0.906127 0.382683 0.180240
v 0.961939 0.195090 0.191342
v 0.980784 0.000000 0.195091
v 0.961939 -0.195090 0.191342
v 0.906127 -0.382683 0.180240
v 0.815493 -0.555570 0.162212
v 0.693520 -0.707107 0.137950
v 0.544895 -0.831470 0.108386
v 0.375330 -0.923880 0.074658
v 0.191342 -0.980785 0.038060
v 0.180240 0.980785 0.074658
v 0.353553 0.923880 0.146447
v 0.513279 0.831470 0.212607
v 0.653281 0.707107 0.270598
v 0.768177 0.555570 0.318190
v 0.853553 0.382683 0.353553
v 0.906127 0.195090 0.375330
v 0.923878 0.000000 0.382683
v 0.906127 -0.195090 0.375330
v 0.853553 -0.382683 0.353553
v 0.768177 -0.555570 0.318190
v 0.653281 -0.707107 0.270598
v 0.513279 -0.831470 0.212607
v 0.353553 -0.923880 0.146447
v 0.180240 -0.980785 0.074658
v 0.162212 0.980785 0.108386
v 0.318189 0.923880 0.212607
v 0.461939 0.831470 0.308658
v 0.587938 0.707107 0.392847
v 0.691341 0.555570 0.461940
v 0.768177 0.382683 0.513280
v 0.815493 0.195090 0.544895
v 0.831468 0.000000 0.555570
v 0.815493 -0.195090 0.544895
v 0.768177 -0.382683 0.513280
v 0.691341 -0.555570 0.461940
v 0.587938 -0.707107 0.392847
v 0.461939 -0.831470 0.308658
v 0.318189 -0.923880 0.212607
v 0.162212 -0.980785 0.108386
v 0.137950 0.980785 0.137950
v 0.270598 0.923880 0.270598
v 0.392847 0.831470 0.392847
v 0.500000 0.707107 0.500000
v 0.587937 0.555570 0.587938
v 0.653281 0.382683 0.653281
v 0.693519 0.195090 0.693520
v 0.707106 0.000000 0.707106
v 0.693519 -0.195090 0.693520
v 0.653281 -0.382683 0.653281
v 0.587937 -0.555570 0.587938
v 0.500000 -0.707107 0.500000
v 0.392847 -0.831470 0.392847
v 0.270598 -0.923880 0.270598
v 0.137950 -0.980785 0.137950
v 0.108386 0.980785 0.162212
v 0.212607 0.923880 0.318190
v 0.308658 0.831470 0.461939
v 0.392847 0.707107 0.587938
v 0.461939 0.555570 0.691341
v 0.513280 0.382683 0.768177
v 0.544895 0.195090 0.815493
v 0.555569 0.000000 0.831469
v 0.544895 -0.195090 0.815493
v 0.513280 -0.382683 0.768177
v 0.461939 -0.555570 0.691341
v 0.392847 -0.707107 0.587938
v 0.308658 -0.831470 0.461939
v 0.212607 -0.923880 0.318190
v 0.108386 -0.980785 0.162212
v 0.074658 0.980785 0.180240
v 0.146446 0.923880 0.353553
v 0.212607 0.831470 0.513279
v 0.270598 0.707107 0.653281
v 0.318189 0.555570 0.768177
v 0.353553 0.382683 0.853553
v 0.375330 0.195090 0.906127
v 0.382683 0.000000 0.923879
v 0.375330 -0.195090 0.906127
v 0.353553 -0.382683 0.853553
v 0.318189 -0.555570 0.768177
v 0.270598 -0.707107 0.653281
v 0.212607 -0.831470 0.513279
v 0.146446 -0.923880 0.353553
v 0.074658 -0.980785 0.180240
v 0.038060 0.980785 0.191342
v 0.074658 0.923880 0.375330
v 0.108386 0.831470 0.544895
v 0.137950 0.707107 0.693520
v 0.162211 0.555570 0.815493
v 0.180240 0.382683 0.906127
v 0.191341 0.195090 0.961939
v 0.195090 0.000000 0.980784
v 0.191341 -0.195090 0.961939
v 0.180240 -0.382683 0.906127
v 0.162211 -0.555570 0.815493
v 0.137950 -0.707107 0.693520
v 0.108386 -0.831470 0.544895
v 0.074658 -0.923880 0.375330
v 0.038060 -0.980785 0.191342
v -0.000000 0.980785 0.195090
v -0.000000 0.923880 0.382683
v -0.000000 0.707107 0.707107
v -0.000000 0.382683 0.923879
v -0.000000 -0.382683 0.923879
v -0.000000 -0.707107 0.707107
v -0.000000 -0.831470 0.555570
v -0.000000 -0.923880 0.382683
v -0.000000 -0.980785 0.195090
vn -0.0975 -0.0976 0.9904
vn -0.0286 0.9565 0.2902
vn -0.0938 -0.2890 0.9527
vn -0.0464 0.8810 0.4709
vn -0.0865 -0.4696 0.8786
vn -0.0624 0.7715 0.6332
vn -0.0759 -0.6326 0.7708
vn -0.0759 0.6326 0.7708
vn -0.0624 -0.7715 0.6332
vn -0.0865 0.4696 0.8786
vn -0.0464 -0.8810 0.4709
vn -0.0938 0.2890 0.9527
vn -0.0286 -0.9565 0.2902
vn -0.0975 0.0975 0.9904
vn -0.0097 0.9951 0.0980
vn -0.0097 -0.9951 0.0980
vn -0.0846 -0.9565 0.2790
vn -0.2889 0.0976 0.9524
vn -0.0286 0.9951 0.0942
vn -0.0286 -0.9951 0.0942
vn -0.2889 -0.0976 0.9524
vn -0.0846 0.9565 0.2790
vn -0.2779 -0.2890 0.9161
vn -0.1374 0.8810 0.4528
vn -0.2563 -0.4696 0.8448
vn -0.1847 0.7715 0.6088
vn -0.2248 -0.6326 0.7412
vn -0.2248 0.6326 0.7412
vn -0.1847 -0.7715 0.6088
vn -0.2563 0.4696 0.8448
vn -0.1374 -0.8810 0.4528
vn -0.2779 0.2890 0.9161
vn -0.3651 -0.6326 0.6831
vn -0.3651 0.6326 0.6831
vn -0.2999 -0.7715 0.5611
vn -0.4162 0.4696 0.7786
vn -0.2230 -0.8810 0.4173
vn -0.4513 0.2890 0.8443
vn -0.1374 -0.9565 0.2571
vn -0.4691 0.0975 0.8777
vn -0.0464 0.9951 0.0869
vn -0.0464 -0.9951 0.0869
vn -0.4691 -0.0975 0.8777
vn -0.1374 0.9565 0.2571
vn -0.4513 -0.2890 0.8443
vn -0.2231 0.8810 0.4173
vn -0.4162 -0.4696 0.7786
vn -0.2999 0.7715 0.5611
vn -0.0625 0.9951 0.0761
vn -0.0625 -0.9951 0.0761
vn -0.6314 -0.0975 0.7693
vn -0.1850 0.9565 0.2254
vn -0.6073 -0.2890 0.7400
vn -0.3002 0.8810 0.3658
vn -0.5601 -0.4696 0.6825
vn -0.4036 0.7715 0.4918
vn -0.4913 -0.6326 0.5987
vn -0.4913 0.6326 0.5987
vn -0.4036 -0.7715 0.4918
vn -0.5601 0.4696 0.6825
vn -0.3002 -0.8810 0.3658
vn -0.6073 0.2890 0.7400
vn -0.1850 -0.9565 0.2254
vn -0.6314 0.0975 0.7693
vn -0.5987 0.6326 0.4913
vn -0.4918 -0.7715 0.4036
vn -0.6825 0.4696 0.5601
vn -0.3658 -0.8810 0.3002
vn -0.7400 0.2890 0.6073
vn -0.2254 -0.9566 0.1850
vn -0.7693 0.0975 0.6314
vn -0.0761 0.9951 0.0625
vn -0.0761 -0.9951 0.0625
vn -0.7693 -0.0975 0.6314
vn -0.2254 0.9565 0.1850
vn -0.7400 -0.2890 0.6073
vn -0.3658 0.8810 0.3002
vn -0.6825 -0.4696 0.5601
vn -0.4918 0.7715 0.4036
vn -0.5987 -0.6326 0.4913
vn -0.8777 -0.0975 0.4691
vn -0.2571 0.9565 0.1374
vn -0.8443 -0.2890 0.4513
vn -0.4173 0.8810 0.2230
vn -0.7786 -0.4696 0.4162
vn -0.5611 0.7715 0.2999
vn -0.6831 -0.6326 0.3651
vn -0.6831 0.6326 0.3651
vn -0.5611 -0.7715 0.2999
vn -0.7786 0.4696 0.4162
vn -0.4173 -0.8810 0.2230
vn -0.8443 0.2890 0.4513
vn -0.2571 -0.9565 0.1374
vn -0.8777 0.0975 0.4691
vn -0.0869 0.9951 0.0464
vn -0.0869 -0.9951 0.0464
vn -0.6088 -0.7715 0.1847
vn -0.8448 0.4696 0.2563
vn -0.4528 -0.8810 0.1374
vn -0.9161 0.2890 0.2779
vn -0.2790 -0.9565 0.0846
vn -0.9524 0.0975 0.2889
vn -0.0942 0.9951 0.0286
vn -0.0942 -0.9951 0.0286
vn -0.9524 -0.0975 0.2889
vn -0.2790 0.9565 0.0846
vn -0.9161 -0.2890 0.2779
vn -0.4528 0.8810 0.1374
vn -0.8448 -0.4696 0.2563
vn -0.6088 0.7715 0.1847
vn -0.7412 -0.6326 0.2248
vn -0.7412 0.6326 0.2248
vn -0.2902 0.9565 0.0286
vn -0.9527 -0.2890 0.0938
vn -0.4709 0.8810 0.0464
vn -0.8786 -0.4696 0.0865
vn -0.6332 0.7715 0.0624
vn -0.7708 -0.6326 0.0759
vn -0.7708 0.6326 0.0759
vn -0.6332 -0.7715 0.0624
vn -0.8786 0.4696 0.0865
vn -0.4709 -0.8810 0.0464
vn -0.9527 0.2890 0.0938
vn -0.2902 -0.9565 0.0286
vn -0.9904 0.0975 0.0975
vn -0.0980 0.9951 0.0097
vn -0.0980 -0.9951 0.0097
vn -0.9904 -0.0975 0.0975
vn -0.8786 0.4696 -0.0865
vn -0.4709 -0.8810 -0.0464
vn -0.9527 0.2890 -0.0938
vn -0.2902 -0.9565 -0.0286
vn -0.9904 0.0975 -0.0976
vn -0.0980 0.9951 -0.0097
vn -0.0980 -0.9951 -0.0097
vn -0.9904 -0.0975 -0.0976
vn -0.2902 0.9565 -0.0286
vn -0.9527 -0.2890 -0.0938
vn -0.4709 0.8810 -0.0464
vn -0.8786 -0.4696 -0.0865
vn -0.6332 0.7715 -0.0624
vn -0.7708 -0.6326 -0.0759
vn -0.7708 0.6326 -0.0759
vn -0.6332 -0.7715 -0.0624
vn -0.9161 -0.2890 -0.2779
vn -0.4528 0.8810 -0.1374
vn -0.8448 -0.4696 -0.2563
vn -0.6088 0.7715 -0.1847
vn -0.7412 -0.6326 -0.2248
vn -0.7412 0.6326 -0.2248
vn -0.6088 -0.7715 -0.1847
vn -0.8448 0.4696 -0.2563
vn -0.4528 -0.8810 -0.1374
vn -0.9161 0.2890 -0.2779
vn -0.2790 -0.9565 -0.0846
vn -0.9524 0.0975 -0.2889
vn -0.0942 0.9951 -0.0286
vn -0.0942 -0.9951 -0.0286
vn -0.9524 -0.0975 -0.2889
vn -0.2790 0.9565 -0.0846
vn -0.4173 -0.8810 -0.2230
vn -0.8443 0.2890 -0.4513
vn -0.2571 -0.9565 -0.1374
vn -0.8777 0.0975 -0.4691
vn -0.0869 0.9951 -0.0464
vn -0.0869 -0.9951 -0.0464
vn -0.8777 -0.0975 -0.4691
vn -0.2571 0.9565 -0.1374
vn -0.8443 -0.2890 -0.4513
vn -0.4173 0.8810 -0.2231
vn -0.7786 -0.4696 -0.4162
vn -0.5611 0.7715 -0.2999
vn -0.6831 -0.6326 -0.3651
vn -0.6831 0.6326 -0.3651
vn -0.5611 -0.7715 -0.2999
vn -0.7786 0.4696 -0.4162
vn -0.6825 -0.4696 -0.5601
vn -0.4918 0.7715 -0.4036
vn -0.5987 -0.6326 -0.4913
vn -0.5987 0.6326 -0.4913
vn -0.4918 -0.7715 -0.4036
vn -0.6825 0.4696 -0.5601
vn -0.3658 -0.8810 -0.3002
vn -0.7400 0.2890 -0.6073
vn -0.2254 -0.9565 -0.1850
vn -0.7693 0.0975 -0.6314
vn -0.0761 0.9951 -0.0625
vn -0.0761 -0.9951 -0.0625
vn -0.7693 -0.0975 -0.6314
vn -0.2254 0.9565 -0.1850
vn -0.7400 -0.2890 -0.6073
vn -0.3658 0.8810 -0.3002
vn -0.1850 -0.9565 -0.2254
vn -0.6314 0.0975 -0.7693
vn -0.0625 0.9951 -0.0761
vn -0.0625 -0.9951 -0.0761
vn -0.6314 -0.0975 -0.7693
vn -0.1850 0.9565 -0.2254
vn -0.6073 -0.2890 -0.7400
vn -0.3002 0.8810 -0.3658
vn -0.5601 -0.4696 -0.6825
vn -0.4036 0.7715 -0.4918
vn -0.4913 -0.6326 -0.5987
vn -0.4913 0.6326 -0.5987
vn -0.4036 -0.7715 -0.4918
vn -0.5601 0.4696 -0.6825
vn -0.3002 -0.8810 -0.3658
vn -0.6073 0.2890 -0.7400
vn -0.2999 0.7715 -0.5611
vn -0.3651 -0.6326 -0.6831
vn -0.3651 0.6326 -0.6831
vn -0.2999 -0.7715 -0.5611
vn -0.4162 0.4696 -0.7786
vn -0.2230 -0.8810 -0.4173
vn -0.4513 0.2890 -0.8443
vn -0.1374 -0.9565 -0.2571
vn -0.4691 0.0975 -0.8777
vn -0.0464 0.9951 -0.0869
vn -0.0464 -0.9951 -0.0869
vn -0.4691 -0.0975 -0.8777
vn -0.1374 0.9565 -0.2571
vn -0.4513 -0.2890 -0.8443
vn -0.2230 0.8810 -0.4173
vn -0.4162 -0.4696 -0.7786
vn -0.2889 0.0975 -0.9524
vn -0.0286 0.9951 -0.0942
vn -0.0286 -0.9951 -0.0942
vn -0.2889 -0.0975 -0.9524
vn -0.0846 0.9565 -0.2790
vn -0.2779 -0.2890 -0.9161
vn -0.1374 0.8810 -0.4528
vn -0.2563 -0.4696 -0.8448
vn -0.1847 0.7715 -0.6088
vn -0.2248 -0.6326 -0.7412
vn -0.2248 0.6326 -0.7412
vn -0.1847 -0.7715 -0.6088
vn -0.2563 0.4696 -0.8448
vn -0.1374 -0.8810 -0.4528
vn -0.2779 0.2890 -0.9161
vn -0.0846 -0.9565 -0.2790
vn -0.0759 -0.6326 -0.7708
vn -0.0759 0.6326 -0.7708
vn -0.0624 -0.7715 -0.6332
vn -0.0865 0.4696 -0.8786
vn -0.0464 -0.8810 -0.4709
vn -0.0938 0.2890 -0.9527
vn -0.0286 -0.9565 -0.2902
vn -0.0975 0.0975 -0.9904
vn -0.0097 0.9951 -0.0980
vn -0.0097 -0.9951 -0.0980
vn -0.0975 -0.0975 -0.9904
vn -0.0286 0.9565 -0.2902
vn -0.0938 -0.2890 -0.9527
vn -0.0464 0.8810 -0.4709
vn -0.0865 -0.4696 -0.8786
vn -0.0624 0.7715 -0.6332
vn 0.0097 0.9951 -0.0980
vn 0.0097 -0.9951 -0.0980
vn 0.0975 -0.0975 -0.9904
vn 0.0286 0.9565 -0.2902
vn 0.0938 -0.2890 -0.9527
vn 0.0464 0.8810 -0.4709
vn 0.0865 -0.4696 -0.8786
vn 0.0624 0.7715 -0.6332
vn 0.0759 -0.6326 -0.7708
vn 0.0759 0.6326 -0.7708
vn 0.0624 -0.7715 -0.6332
vn 0.0865 0.4696 -0.8786
vn 0.0464 -0.8810 -0.4709
vn 0.0938 0.2890 -0.9527
vn 0.0286 -0.9565 -0.2902
vn 0.0976 0.0975 -0.9904
vn 0.2248 0.6326 -0.7412
vn 0.1847 -0.7715 -0.6088
vn 0.2563 0.4696 -0.8448
vn 0.1374 -0.8810 -0.4528
vn 0.2779 0.2890 -0.9161
vn 0.0846 -0.9565 -0.2790
vn 0.2889 0.0975 -0.9524
vn 0.0286 0.9951 -0.0942
vn 0.0286 -0.9951 -0.0942
vn 0.2889 -0.0975 -0.9524
vn 0.0846 0.9565 -0.2790
vn 0.2779 -0.2890 -0.9161
vn 0.1374 0.8810 -0.4528
vn 0.2563 -0.4696 -0.8448
vn 0.1847 0.7715 -0.6088
vn 0.2248 -0.6326 -0.7412
vn 0.4691 -0.0975 -0.8777
vn 0.1374 0.9565 -0.2571
vn 0.4513 -0.2890 -0.8443
vn 0.2230 0.8810 -0.4173
vn 0.4162 -0.4696 -0.7786
vn 0.2999 0.7715 -0.5611
vn 0.3651 -0.6326 -0.6831
vn 0.3651 0.6326 -0.6831
vn 0.2999 -0.7715 -0.5611
vn 0.4162 0.4696 -0.7786
vn 0.2230 -0.8810 -0.4173
vn 0.4513 0.2890 -0.8443
vn 0.1374 -0.9565 -0.2571
vn 0.4691 0.0975 -0.8777
vn 0.0464 0.9951 -0.0869
vn 0.0464 -0.9951 -0.0869
vn 0.4036 -0.7715 -0.4918
vn 0.5601 0.4696 -0.6825
vn 0.3002 -0.8810 -0.3658
vn 0.6073 0.2890 -0.7400
vn 0.1850 -0.9565 -0.2254
vn 0.6314 0.0975 -0.7693
vn 0.0625 0.9951 -0.0761
vn 0.0625 -0.9951 -0.0761
vn 0.6314 -0.0975 -0.7693
vn 0.1850 0.9565 -0.2254
vn 0.6073 -0.2890 -0.7400
vn 0.3002 0.8810 -0.3658
vn 0.5601 -0.4696 -0.6825
vn 0.4036 0.7715 -0.4918
vn 0.4913 -0.6326 -0.5987
vn 0.4913 0.6326 -0.5987
vn 0.7400 -0.2890 -0.6073
vn 0.3658 0.8810 -0.3002
vn 0.6825 -0.4696 -0.5601
vn 0.4918 0.7715 -0.4036
vn 0.5987 -0.6326 -0.4913
vn 0.5987 0.6326 -0.4913
vn 0.4918 -0.7715 -0.4036
vn 0.6825 0.4696 -0.5601
vn 0.3658 -0.8810 -0.3002
vn 0.7400 0.2890 -0.6073
vn 0.2254 -0.9566 -0.1850
vn 0.7693 0.0975 -0.6314
vn 0.0761 0.9951 -0.0625
vn 0.0761 -0.9951 -0.0625
vn 0.7693 -0.0975 -0.6314
vn 0.2254 0.9565 -0.1850
vn 0.4173 -0.8810 -0.2231
vn 0.8443 0.2890 -0.4513
vn 0.2571 -0.9565 -0.1374
vn 0.8777 0.0975 -0.4691
vn 0.0869 0.9951 -0.0464
vn 0.0869 -0.9951 -0.0464
vn 0.8777 -0.0975 -0.4691
vn 0.2571 0.9565 -0.1374
vn 0.8443 -0.2890 -0.4513
vn 0.4173 0.8810 -0.2230
vn 0.7786 -0.4696 -0.4162
vn 0.5611 0.7715 -0.2999
vn 0.6831 -0.6326 -0.3651
vn 0.6831 0.6326 -0.3651
vn 0.5611 -0.7715 -0.2999
vn 0.7786 0.4696 -0.4162
vn 0.4528 0.8810 -0.1374
vn 0.8448 -0.4696 -0.2563
vn 0.6088 0.7715 -0.1847
vn 0.7412 -0.6326 -0.2248
vn 0.7412 0.6326 -0.2248
vn 0.6088 -0.7715 -0.1847
vn 0.8448 0.4696 -0.2563
vn 0.4528 -0.8810 -0.1374
vn 0.9161 0.2890 -0.2779
vn 0.2790 -0.9565 -0.0846
vn 0.9524 0.0975 -0.2889
vn 0.0942 0.9951 -0.0286
vn 0.0942 -0.9951 -0.0286
vn 0.9524 -0.0975 -0.2889
vn 0.2790 0.9565 -0.0846
vn 0.9161 -0.2890 -0.2779
vn 0.9527 0.2890 -0.0938
vn 0.2902 -0.9565 -0.0286
vn 0.9904 0.0975 -0.0975
vn 0.0980 0.9951 -0.0097
vn 0.0980 -0.9951 -0.0097
vn 0.9904 -0.0975 -0.0976
vn 0.2902 0.9565 -0.0286
vn 0.9527 -0.2890 -0.0938
vn 0.4709 0.8810 -0.0464
vn 0.8786 -0.4696 -0.0865
vn 0.6332 0.7715 -0.0624
vn 0.7708 -0.6326 -0.0759
vn 0.7708 0.6326 -0.0759
vn 0.6332 -0.7715 -0.0624
vn 0.8786 0.4696 -0.0865
vn 0.4709 -0.8810 -0.0464
vn 0.8786 -0.4696 0.0865
vn 0.6332 0.7715 0.0624
vn 0.7708 -0.6326 0.0759
vn 0.7708 0.6326 0.0759
vn 0.6332 -0.7715 0.0624
vn 0.8786 0.4696 0.0865
vn 0.4709 -0.8810 0.0464
vn 0.9527 0.2890 0.0938
vn 0.2902 -0.9565 0.0286
vn 0.9904 0.0975 0.0975
vn 0.0980 0.9951 0.0097
vn 0.0980 -0.9951 0.0097
vn 0.9904 -0.0975 0.0976
vn 0.2902 0.9565 0.0286
vn 0.9527 -0.2890 0.0938
vn 0.4709 0.8810 0.0464
vn 0.2790 -0.9565 0.0846
vn 0.9524 0.0975 0.2889
vn 0.0942 0.9951 0.0286
vn 0.0942 -0.9951 0.0286
vn 0.9524 -0.0975 0.2889
vn 0.2790 0.9565 0.0846
vn 0.9161 -0.2890 0.2779
vn 0.4528 0.8810 0.1374
vn 0.8448 -0.4696 0.2563
vn 0.6088 0.7715 0.1847
vn 0.7412 -0.6326 0.2248
vn 0.7412 0.6326 0.2248
vn 0.6088 -0.7715 0.1847
vn 0.8448 0.4696 0.2563
vn 0.4528 -0.8810 0.1374
vn 0.9161 0.2890 0.2779
vn 0.5611 0.7715 0.2999
vn 0.6831 -0.6326 0.3651
vn 0.6831 0.6326 0.3651
vn 0.5611 -0.7715 0.2999
vn 0.7786 0.4696 0.4162
vn 0.4173 -0.8810 0.2231
vn 0.8443 0.2890 0.4513
vn 0.2571 -0.9565 0.1374
vn 0.8777 0.0975 0.4691
vn 0.0869 0.9951 0.0464
vn 0.0869 -0.9951 0.0464
vn 0.8777 -0.0975 0.4691
vn 0.2571 0.9565 0.1374
vn 0.8443 -0.2890 0.4513
vn 0.4173 0.8810 0.2231
vn 0.7786 -0.4696 0.4162
vn 0.7693 0.0975 0.6314
vn 0.0761 0.9951 0.0625
vn 0.0761 -0.9951 0.0625
vn 0.7693 -0.0975 0.6314
vn 0.2254 0.9565 0.1850
vn 0.7400 -0.2890 0.6073
vn 0.3658 0.8810 0.3002
vn 0.6825 -0.4696 0.5601
vn 0.4918 0.7715 0.4036
vn 0.5987 -0.6326 0.4913
vn 0.5987 0.6326 0.4913
vn 0.4918 -0.7715 0.4036
vn 0.6825 0.4696 0.5601
vn 0.3658 -0.8810 0.3002
vn 0.7400 0.2890 0.6073
vn 0.2254 -0.9565 0.1850
vn 0.4913 -0.6326 0.5987
vn 0.4913 0.6326 0.5987
vn 0.4036 -0.7715 0.4918
vn 0.5601 0.4696 0.6825
vn 0.3002 -0.8810 0.3658
vn 0.6073 0.2890 0.7400
vn 0.1850 -0.9565 0.2254
vn 0.6314 0.0975 0.7693
vn 0.0625 0.9951 0.0761
vn 0.0625 -0.9951 0.0761
vn 0.6314 -0.0975 0.7693
vn 0.1850 0.9565 0.2254
vn 0.6073 -0.2890 0.7400
vn 0.3002 0.8810 0.3658
vn 0.5601 -0.4696 0.6825
vn 0.4036 0.7715 0.4918
vn 0.0464 -0.9951 0.0869
vn 0.4691 -0.0975 0.8777
vn 0.1374 0.9565 0.2571
vn 0.4513 -0.2890 0.8443
vn 0.2230 0.8810 0.4173
vn 0.4162 -0.4696 0.7786
vn 0.2999 0.7715 0.5611
vn 0.3651 -0.6326 0.6831
vn 0.3651 0.6326 0.6831
vn 0.2999 -0.7715 0.5611
vn 0.4162 0.4696 0.7786
vn 0.2230 -0.8810 0.4173
vn 0.4513 0.2890 0.8443
vn 0.1374 -0.9565 0.2571
vn 0.4691 0.0975 0.8777
vn 0.0464 0.9951 0.0869
vn 0.1847 -0.7715 0.6088
vn 0.2563 0.4696 0.8448
vn 0.1374 -0.8810 0.4528
vn 0.2779 0.2890 0.9161
vn 0.0846 -0.9565 0.2790
vn 0.2889 0.0975 0.9524
vn 0.0286 0.9951 0.0942
vn 0.0286 -0.9951 0.0942
vn 0.2889 -0.0975 0.9524
vn 0.0846 0.9565 0.2790
vn 0.2779 -0.2890 0.9161
vn 0.1374 0.8810 0.4528
vn 0.2563 -0.4696 0.8448
vn 0.1847 0.7715 0.6088
vn 0.2248 -0.6326 0.7412
vn 0.2248 0.6326 0.7412
vn 0.0286 0.9565 0.2902
vn 0.0938 -0.2890 0.9527
vn 0.0464 0.8810 0.4709
vn 0.0865 -0.4696 0.8786
vn 0.0624 0.7715 0.6332
vn 0.0759 -0.6326 0.7708
vn 0.0759 0.6326 0.7708
vn 0.0624 -0.7715 0.6332
vn 0.0865 0.4696 0.8786
vn 0.0464 -0.8810 0.4709
vn 0.0938 0.2890 0.9527
vn 0.0286 -0.9565 0.2902
vn 0.0976 0.0975 0.9904
vn 0.0097 0.9951 0.0980
vn 0.0097 -0.9951 0.0980
vn 0.0976 -0.0975 0.9904
vn -0.0975 -0.0975 0.9904
vn -0.0975 0.0976 0.9904
vn -0.2231 -0.8810 0.4173
vn -0.2230 0.8810 0.4173
vn -0.2254 -0.9565 0.1850
vn -0.4173 -0.8810 -0.2231
vn -0.4173 0.8810 -0.2230
vn -0.2231 -0.8810 -0.4173
vn 0.0976 -0.0975 -0.9904
vn 0.0975 0.0975 -0.9904
vn 0.2231 0.8810 -0.4173
vn 0.2231 -0.8810 -0.4173
vn 0.2254 -0.9565 -0.1850
vn 0.4173 -0.8810 -0.2230
vn 0.9904 0.0975 -0.0976
vn 0.9904 -0.0975 -0.0975
vn 0.9904 0.0975 0.0976
vn 0.9904 -0.0975 0.0975
vt 0.750000 0.500000
vt 0.718750 0.437500
vt 0.750000 0.437500
vt 0.750000 0.875000
vt 0.718750 0.937500
vt 0.718750 0.875000
vt 0.718750 0.375000
vt 0.750000 0.375000
vt 0.750000 0.812500
vt 0.718750 0.812500
vt 0.718750 0.312500
vt 0.750000 0.312500
vt 0.750000 0.750000
vt 0.718750 0.750000
vt 0.718750 0.250000
vt 0.750000 0.250000
vt 0.750000 0.687500
vt 0.718750 0.687500
vt 0.718750 0.187500
vt 0.750000 0.187500
vt 0.750000 0.625000
vt 0.718750 0.625000
vt 0.718750 0.125000
vt 0.750000 0.125000
vt 0.750000 0.562500
vt 0.718750 0.562500
vt 0.718750 0.062500
vt 0.750000 0.062500
vt 0.718750 0.500000
vt 0.750000 0.937500
vt 0.734375 1.000000
vt 0.734375 0.000000
vt 0.687500 0.062500
vt 0.687500 0.500000
vt 0.703125 1.000000
vt 0.687500 0.937500
vt 0.703125 0.000000
vt 0.687500 0.437500
vt 0.687500 0.875000
vt 0.687500 0.375000
vt 0.687500 0.812500
vt 0.687500 0.312500
vt 0.687500 0.750000
vt 0.687500 0.250000
vt 0.687500 0.687500
vt 0.687500 0.187500
vt 0.687500 0.625000
vt 0.687500 0.125000
vt 0.687500 0.562500
vt 0.656250 0.312500
vt 0.656250 0.250000
vt 0.656250 0.687500
vt 0.656250 0.187500
vt 0.656250 0.625000
vt 0.656250 0.125000
vt 0.656250 0.562500
vt 0.656250 0.062500
vt 0.656250 0.500000
vt 0.671875 1.000000
vt 0.656250 0.937500
vt 0.671875 0.000000
vt 0.656250 0.437500
vt 0.656250 0.875000
vt 0.656250 0.375000
vt 0.656250 0.812500
vt 0.656250 0.750000
vt 0.640625 1.000000
vt 0.625000 0.937500
vt 0.640625 0.000000
vt 0.625000 0.062500
vt 0.625000 0.437500
vt 0.625000 0.875000
vt 0.625000 0.375000
vt 0.625000 0.812500
vt 0.625000 0.312500
vt 0.625000 0.750000
vt 0.625000 0.250000
vt 0.625000 0.687500
vt 0.625000 0.187500
vt 0.625000 0.625000
vt 0.625000 0.125000
vt 0.625000 0.562500
vt 0.625000 0.500000
vt 0.593750 0.750000
vt 0.593750 0.687500
vt 0.593750 0.187500
vt 0.593750 0.625000
vt 0.593750 0.125000
vt 0.593750 0.562500
vt 0.593750 0.062500
vt 0.593750 0.500000
vt 0.609375 1.000000
vt 0.593750 0.937500
vt 0.609375 0.000000
vt 0.593750 0.437500
vt 0.593750 0.875000
vt 0.593750 0.375000
vt 0.593750 0.812500
vt 0.593750 0.312500
vt 0.593750 0.250000
vt 0.562500 0.437500
vt 0.562500 0.875000
vt 0.562500 0.375000
vt 0.562500 0.812500
vt 0.562500 0.312500
vt 0.562500 0.750000
vt 0.562500 0.250000
vt 0.562500 0.687500
vt 0.562500 0.187500
vt 0.562500 0.625000
vt 0.562500 0.125000
vt 0.562500 0.562500
vt 0.562500 0.062500
vt 0.562500 0.500000
vt 0.578125 1.000000
vt 0.562500 0.937500
vt 0.578125 0.000000
vt 0.531250 0.250000
vt 0.531250 0.187500
vt 0.531250 0.625000
vt 0.531250 0.125000
vt 0.531250 0.562500
vt 0.531250 0.062500
vt 0.531250 0.500000
vt 0.546875 1.000000
vt 0.531250 0.937500
vt 0.546875 0.000000
vt 0.531250 0.437500
vt 0.531250 0.875000
vt 0.531250 0.375000
vt 0.531250 0.812500
vt 0.531250 0.312500
vt 0.531250 0.750000
vt 0.531250 0.687500
vt 0.500000 0.937500
vt 0.500000 0.875000
vt 0.500000 0.375000
vt 0.500000 0.812500
vt 0.500000 0.312500
vt 0.500000 0.750000
vt 0.500000 0.250000
vt 0.500000 0.687500
vt 0.500000 0.187500
vt 0.500000 0.625000
vt 0.500000 0.125000
vt 0.500000 0.562500
vt 0.500000 0.062500
vt 0.500000 0.500000
vt 0.515625 1.000000
vt 0.515625 0.000000
vt 0.500000 0.437500
vt 0.468750 0.625000
vt 0.468750 0.125000
vt 0.468750 0.562500
vt 0.468750 0.062500
vt 0.468750 0.500000
vt 0.484375 1.000000
vt 0.468750 0.937500
vt 0.484375 0.000000
vt 0.468750 0.437500
vt 0.468750 0.875000
vt 0.468750 0.375000
vt 0.468750 0.812500
vt 0.468750 0.312500
vt 0.468750 0.750000
vt 0.468750 0.250000
vt 0.468750 0.687500
vt 0.468750 0.187500
vt 0.437500 0.375000
vt 0.437500 0.875000
vt 0.437500 0.812500
vt 0.437500 0.312500
vt 0.437500 0.750000
vt 0.437500 0.250000
vt 0.437500 0.687500
vt 0.437500 0.187500
vt 0.437500 0.625000
vt 0.437500 0.125000
vt 0.437500 0.562500
vt 0.437500 0.062500
vt 0.437500 0.500000
vt 0.453125 1.000000
vt 0.437500 0.937500
vt 0.453125 0.000000
vt 0.437500 0.437500
vt 0.406250 0.125000
vt 0.406250 0.625000
vt 0.406250 0.562500
vt 0.406250 0.062500
vt 0.406250 0.500000
vt 0.421875 1.000000
vt 0.406250 0.937500
vt 0.421875 0.000000
vt 0.406250 0.437500
vt 0.406250 0.875000
vt 0.406250 0.375000
vt 0.406250 0.812500
vt 0.406250 0.312500
vt 0.406250 0.750000
vt 0.406250 0.250000
vt 0.406250 0.687500
vt 0.406250 0.187500
vt 0.375000 0.375000
vt 0.375000 0.312500
vt 0.375000 0.750000
vt 0.375000 0.250000
vt 0.375000 0.687500
vt 0.375000 0.187500
vt 0.375000 0.625000
vt 0.375000 0.125000
vt 0.375000 0.562500
vt 0.375000 0.062500
vt 0.375000 0.500000
vt 0.390625 1.000000
vt 0.375000 0.937500
vt 0.390625 0.000000
vt 0.375000 0.437500
vt 0.375000 0.875000
vt 0.375000 0.812500
vt 0.343750 0.062500
vt 0.343750 0.562500
vt 0.343750 0.500000
vt 0.359375 1.000000
vt 0.343750 0.937500
vt 0.359375 0.000000
vt 0.343750 0.437500
vt 0.343750 0.875000
vt 0.343750 0.375000
vt 0.343750 0.812500
vt 0.343750 0.312500
vt 0.343750 0.750000
vt 0.343750 0.250000
vt 0.343750 0.687500
vt 0.343750 0.187500
vt 0.343750 0.625000
vt 0.343750 0.125000
vt 0.312500 0.750000
vt 0.312500 0.250000
vt 0.312500 0.687500
vt 0.312500 0.187500
vt 0.312500 0.625000
vt 0.312500 0.125000
vt 0.312500 0.562500
vt 0.312500 0.062500
vt 0.312500 0.500000
vt 0.328125 1.000000
vt 0.312500 0.937500
vt 0.328125 0.000000
vt 0.312500 0.437500
vt 0.312500 0.875000
vt 0.312500 0.375000
vt 0.312500 0.812500
vt 0.312500 0.312500
vt 0.281250 0.562500
vt 0.281250 0.500000
vt 0.296875 1.000000
vt 0.281250 0.937500
vt 0.296875 0.000000
vt 0.281250 0.062500
vt 0.281250 0.437500
vt 0.281250 0.875000
vt 0.281250 0.375000
vt 0.281250 0.812500
vt 0.281250 0.312500
vt 0.281250 0.750000
vt 0.281250 0.250000
vt 0.281250 0.687500
vt 0.281250 0.187500
vt 0.281250 0.625000
vt 0.281250 0.125000
vt 0.250000 0.250000
vt 0.250000 0.750000
vt 0.250000 0.687500
vt 0.250000 0.187500
vt 0.250000 0.625000
vt 0.250000 0.125000
vt 0.250000 0.562500
vt 0.250000 0.062500
vt 0.250000 0.500000
vt 0.265625 1.000000
vt 0.250000 0.937500
vt 0.265625 0.000000
vt 0.250000 0.437500
vt 0.250000 0.875000
vt 0.250000 0.375000
vt 0.250000 0.812500
vt 0.250000 0.312500
vt 0.234375 1.000000
vt 0.218750 0.937500
vt 0.234375 0.000000
vt 0.218750 0.062500
vt 0.218750 0.437500
vt 0.218750 0.875000
vt 0.218750 0.375000
vt 0.218750 0.812500
vt 0.218750 0.312500
vt 0.218750 0.750000
vt 0.218750 0.250000
vt 0.218750 0.687500
vt 0.218750 0.187500
vt 0.218750 0.625000
vt 0.218750 0.125000
vt 0.218750 0.562500
vt 0.218750 0.500000
vt 0.187500 0.750000
vt 0.187500 0.687500
vt 0.187500 0.250000
vt 0.187500 0.187500
vt 0.187500 0.625000
vt 0.187500 0.125000
vt 0.187500 0.562500
vt 0.187500 0.062500
vt 0.187500 0.500000
vt 0.203125 1.000000
vt 0.187500 0.937500
vt 0.203125 0.000000
vt 0.187500 0.437500
vt 0.187500 0.875000
vt 0.187500 0.375000
vt 0.187500 0.812500
vt 0.187500 0.312500
vt 0.156250 0.437500
vt 0.156250 0.937500
vt 0.156250 0.875000
vt 0.156250 0.375000
vt 0.156250 0.812500
vt 0.156250 0.312500
vt 0.156250 0.750000
vt 0.156250 0.250000
vt 0.156250 0.687500
vt 0.156250 0.187500
vt 0.156250 0.625000
vt 0.156250 0.125000
vt 0.156250 0.562500
vt 0.156250 0.062500
vt 0.156250 0.500000
vt 0.171875 1.000000
vt 0.171875 0.000000
vt 0.125000 0.250000
vt 0.125000 0.187500
vt 0.125000 0.625000
vt 0.125000 0.125000
vt 0.125000 0.562500
vt 0.125000 0.062500
vt 0.125000 0.500000
vt 0.140625 1.000000
vt 0.125000 0.937500
vt 0.140625 0.000000
vt 0.125000 0.437500
vt 0.125000 0.875000
vt 0.125000 0.375000
vt 0.125000 0.812500
vt 0.125000 0.312500
vt 0.125000 0.750000
vt 0.125000 0.687500
vt 0.093750 0.375000
vt 0.093750 0.812500
vt 0.093750 0.312500
vt 0.093750 0.750000
vt 0.093750 0.250000
vt 0.093750 0.687500
vt 0.093750 0.187500
vt 0.093750 0.625000
vt 0.093750 0.125000
vt 0.093750 0.562500
vt 0.093750 0.062500
vt 0.093750 0.500000
vt 0.109375 1.000000
vt 0.093750 0.937500
vt 0.109375 0.000000
vt 0.093750 0.437500
vt 0.093750 0.875000
vt 0.062500 0.125000
vt 0.062500 0.625000
vt 0.062500 0.562500
vt 0.062500 0.062500
vt 0.062500 0.500000
vt 0.078125 1.000000
vt 0.062500 0.937500
vt 0.078125 0.000000
vt 0.062500 0.437500
vt 0.062500 0.875000
vt 0.062500 0.375000
vt 0.062500 0.812500
vt 0.062500 0.312500
vt 0.062500 0.750000
vt 0.062500 0.250000
vt 0.062500 0.687500
vt 0.062500 0.187500
vt 0.031250 0.812500
vt 0.031250 0.375000
vt 0.031250 0.312500
vt 0.031250 0.750000
vt 0.031250 0.250000
vt 0.031250 0.687500
vt 0.031250 0.187500
vt 0.031250 0.625000
vt 0.031250 0.125000
vt 0.031250 0.562500
vt 0.031250 0.062500
vt 0.031250 0.500000
vt 0.046875 1.000000
vt 0.031250 0.937500
vt 0.046875 0.000000
vt 0.031250 0.437500
vt 0.031250 0.875000
vt 0.000000 0.625000
vt 0.000000 0.562500
vt 0.000000 0.062500
vt 0.000000 0.500000
vt 0.015625 1.000000
vt 0.000000 0.937500
vt 0.015625 0.000000
vt 0.000000 0.437500
vt 0.000000 0.875000
vt 0.000000 0.375000
vt 0.000000 0.812500
vt 0.000000 0.312500
vt 0.000000 0.750000
vt 0.000000 0.250000
vt 0.000000 0.687500
vt 0.000000 0.187500
vt 0.000000 0.125000
vt 1.000000 0.312500
vt 0.968750 0.375000
vt 0.968750 0.312500
vt 1.000000 0.812500
vt 0.968750 0.750000
vt 1.000000 0.750000
vt 0.968750 0.250000
vt 1.000000 0.250000
vt 1.000000 0.687500
vt 0.968750 0.687500
vt 1.000000 0.187500
vt 0.968750 0.187500
vt 0.968750 0.625000
vt 1.000000 0.625000
vt 0.968750 0.125000
vt 1.000000 0.125000
vt 1.000000 0.562500
vt 0.968750 0.562500
vt 0.968750 0.062500
vt 1.000000 0.062500
vt 1.000000 0.500000
vt 0.968750 0.500000
vt 1.000000 0.937500
vt 0.984375 1.000000
vt 0.968750 0.937500
vt 0.984375 0.000000
vt 0.968750 0.437500
vt 1.000000 0.437500
vt 0.968750 0.875000
vt 1.000000 0.875000
vt 1.000000 0.375000
vt 0.968750 0.812500
vt 0.937500 0.062500
vt 0.937500 0.562500
vt 0.937500 0.500000
vt 0.953125 1.000000
vt 0.937500 0.937500
vt 0.953125 0.000000
vt 0.937500 0.437500
vt 0.937500 0.875000
vt 0.937500 0.375000
vt 0.937500 0.812500
vt 0.937500 0.312500
vt 0.937500 0.750000
vt 0.937500 0.250000
vt 0.937500 0.687500
vt 0.937500 0.187500
vt 0.937500 0.625000
vt 0.937500 0.125000
vt 0.906250 0.750000
vt 0.906250 0.250000
vt 0.906250 0.687500
vt 0.906250 0.187500
vt 0.906250 0.625000
vt 0.906250 0.125000
vt 0.906250 0.562500
vt 0.906250 0.062500
vt 0.906250 0.500000
vt 0.921875 1.000000
vt 0.906250 0.937500
vt 0.921875 0.000000
vt 0.906250 0.437500
vt 0.906250 0.875000
vt 0.906250 0.375000
vt 0.906250 0.812500
vt 0.906250 0.312500
vt 0.875000 0.562500
vt 0.875000 0.500000
vt 0.890625 1.000000
vt 0.875000 0.937500
vt 0.890625 0.000000
vt 0.875000 0.062500
vt 0.875000 0.437500
vt 0.875000 0.875000
vt 0.875000 0.375000
vt 0.875000 0.812500
vt 0.875000 0.312500
vt 0.875000 0.750000
vt 0.875000 0.250000
vt 0.875000 0.687500
vt 0.875000 0.187500
vt 0.875000 0.625000
vt 0.875000 0.125000
vt 0.843750 0.250000
vt 0.843750 0.750000
vt 0.843750 0.687500
vt 0.843750 0.187500
vt 0.843750 0.625000
vt 0.843750 0.125000
vt 0.843750 0.562500
vt 0.843750 0.062500
vt 0.843750 0.500000
vt 0.859375 1.000000
vt 0.843750 0.937500
vt 0.859375 0.000000
vt 0.843750 0.437500
vt 0.843750 0.875000
vt 0.843750 0.375000
vt 0.843750 0.812500
vt 0.843750 0.312500
vt 0.828125 0.000000
vt 0.812500 0.062500
vt 0.812500 0.437500
vt 0.812500 0.937500
vt 0.812500 0.875000
vt 0.812500 0.375000
vt 0.812500 0.812500
vt 0.812500 0.312500
vt 0.812500 0.750000
vt 0.812500 0.250000
vt 0.812500 0.687500
vt 0.812500 0.187500
vt 0.812500 0.625000
vt 0.812500 0.125000
vt 0.812500 0.562500
vt 0.812500 0.500000
vt 0.828125 1.000000
vt 0.781250 0.250000
vt 0.781250 0.187500
vt 0.781250 0.625000
vt 0.781250 0.125000
vt 0.781250 0.562500
vt 0.781250 0.062500
vt 0.781250 0.500000
vt 0.796875 1.000000
vt 0.781250 0.937500
vt 0.796875 0.000000
vt 0.781250 0.437500
vt 0.781250 0.875000
vt 0.781250 0.375000
vt 0.781250 0.812500
vt 0.781250 0.312500
vt 0.781250 0.750000
vt 0.781250 0.687500
vt 0.765625 1.000000
vt 0.765625 0.000000
s 0
f 4/1/1 15/2/1 5/3/1
f 475/4/2 7/5/2 8/6/2
f 5/3/3 16/7/3 478/8/3
f 1/9/4 8/6/4 9/10/4
f 478/8/5 17/11/5 6/12/5
f 476/13/6 9/10/6 10/14/6
f 6/12/7 18/15/7 479/16/7
f 2/17/8 10/14/8 11/18/8
f 479/16/9 19/19/9 480/20/9
f 477/21/10 11/18/10 12/22/10
f 480/20/11 20/23/11 481/24/11
f 3/25/12 12/22/12 13/26/12
f 481/24/13 21/27/13 482/28/13
f 3/25/14 14/29/14 4/1/14
f 474/30/15 82/31/15 7/5/15
f 308/32/16 482/28/16 21/27/16
f 20/23/17 36/33/17 21/27/17
f 13/26/18 29/34/18 14/29/18
f 7/5/19 82/35/19 22/36/19
f 308/37/20 21/27/20 36/33/20
f 14/29/21 30/38/21 15/2/21
f 7/5/22 23/39/22 8/6/22
f 15/2/23 31/40/23 16/7/23
f 8/6/24 24/41/24 9/10/24
f 16/7/25 32/42/25 17/11/25
f 9/10/26 25/43/26 10/14/26
f 17/11/27 33/44/27 18/15/27
f 10/14/28 26/45/28 11/18/28
f 19/19/29 33/44/29 34/46/29
f 11/18/30 27/47/30 12/22/30
f 20/23/31 34/46/31 35/48/31
f 13/26/32 27/47/32 28/49/32
f 33/44/33 47/50/33 48/51/33
f 25/43/34 41/52/34 26/45/34
f 34/46/35 48/51/35 49/53/35
f 26/45/36 42/54/36 27/47/36
f 34/46/37 50/55/37 35/48/37
f 27/47/38 43/56/38 28/49/38
f 35/48/39 51/57/39 36/33/39
f 28/49/40 44/58/40 29/34/40
f 22/36/41 82/59/41 37/60/41
f 308/61/42 36/33/42 51/57/42
f 30/38/43 44/58/43 45/62/43
f 22/36/44 38/63/44 23/39/44
f 30/38/45 46/64/45 31/40/45
f 23/39/46 39/65/46 24/41/46
f 32/42/47 46/64/47 47/50/47
f 24/41/48 40/66/48 25/43/48
f 37/60/49 82/67/49 52/68/49
f 308/69/50 51/57/50 66/70/50
f 44/58/51 60/71/51 45/62/51
f 37/60/52 53/72/52 38/63/52
f 45/62/53 61/73/53 46/64/53
f 38/63/54 54/74/54 39/65/54
f 47/50/55 61/73/55 62/75/55
f 39/65/56 55/76/56 40/66/56
f 47/50/57 63/77/57 48/51/57
f 40/66/58 56/78/58 41/52/58
f 48/51/59 64/79/59 49/53/59
f 41/52/60 57/80/60 42/54/60
f 49/53/61 65/81/61 50/55/61
f 43/56/62 57/80/62 58/82/62
f 50/55/63 66/70/63 51/57/63
f 44/58/64 58/82/64 59/83/64
f 56/78/65 70/84/65 71/85/65
f 63/77/66 79/86/66 64/79/66
f 56/78/67 72/87/67 57/80/67
f 65/81/68 79/86/68 80/88/68
f 58/82/69 72/87/69 73/89/69
f 65/81/70 81/90/70 66/70/70
f 59/83/71 73/89/71 74/91/71
f 52/68/72 82/92/72 67/93/72
f 308/94/73 66/70/73 81/90/73
f 59/83/74 75/95/74 60/71/74
f 52/68/75 68/96/75 53/72/75
f 60/71/76 76/97/76 61/73/76
f 53/72/77 69/98/77 54/74/77
f 62/75/78 76/97/78 77/99/78
f 54/74/79 70/84/79 55/76/79
f 62/75/80 78/100/80 63/77/80
f 74/91/81 91/101/81 75/95/81
f 67/93/82 84/102/82 68/96/82
f 75/95/83 92/103/83 76/97/83
f 68/96/84 85/104/84 69/98/84
f 77/99/85 92/103/85 93/105/85
f 69/98/86 86/106/86 70/84/86
f 77/99/87 94/107/87 78/100/87
f 71/85/88 86/106/88 87/108/88
f 78/100/89 95/109/89 79/86/89
f 71/85/90 88/110/90 72/87/90
f 79/86/91 96/111/91 80/88/91
f 73/89/92 88/110/92 89/112/92
f 81/90/93 96/111/93 97/113/93
f 74/91/94 89/112/94 90/114/94
f 67/93/95 82/115/95 83/116/95
f 308/117/96 81/90/96 97/113/96
f 95/109/97 109/118/97 110/119/97
f 87/108/98 103/120/98 88/110/98
f 96/111/99 110/119/99 111/121/99
f 89/112/100 103/120/100 104/122/100
f 96/111/101 112/123/101 97/113/101
f 90/114/102 104/122/102 105/124/102
f 83/116/103 82/125/103 98/126/103
f 308/127/104 97/113/104 112/123/104
f 90/114/105 106/128/105 91/101/105
f 84/102/106 98/126/106 99/129/106
f 91/101/107 107/130/107 92/103/107
f 84/102/108 100/131/108 85/104/108
f 93/105/109 107/130/109 108/132/109
f 85/104/110 101/133/110 86/106/110
f 93/105/111 109/118/111 94/107/111
f 87/108/112 101/133/112 102/134/112
f 99/129/113 113/135/113 114/136/113
f 106/128/114 122/137/114 107/130/114
f 99/129/115 115/138/115 100/131/115
f 108/132/116 122/137/116 123/139/116
f 100/131/117 116/140/117 101/133/117
f 108/132/118 124/141/118 109/118/118
f 102/134/119 116/140/119 117/142/119
f 110/119/120 124/141/120 125/143/120
f 102/134/121 118/144/121 103/120/121
f 110/119/122 126/145/122 111/121/122
f 104/122/123 118/144/123 119/146/123
f 111/121/124 127/147/124 112/123/124
f 105/124/125 119/146/125 120/148/125
f 98/126/126 82/149/126 113/135/126
f 308/150/127 112/123/127 127/147/127
f 105/124/128 121/151/128 106/128/128
f 117/142/129 133/152/129 118/144/129
f 125/143/130 141/153/130 126/145/130
f 119/146/131 133/152/131 134/154/131
f 126/145/132 142/155/132 127/147/132
f 120/148/133 134/154/133 135/156/133
f 113/135/134 82/157/134 128/158/134
f 308/159/135 127/147/135 142/155/135
f 120/148/136 136/160/136 121/151/136
f 113/135/137 129/161/137 114/136/137
f 121/151/138 137/162/138 122/137/138
f 114/136/139 130/163/139 115/138/139
f 123/139/140 137/162/140 138/164/140
f 115/138/141 131/165/141 116/140/141
f 123/139/142 139/166/142 124/141/142
f 117/142/143 131/165/143 132/167/143
f 125/143/144 139/166/144 140/168/144
f 136/160/145 152/169/145 137/162/145
f 130/163/146 144/170/146 145/171/146
f 138/164/147 152/169/147 153/172/147
f 130/163/148 146/173/148 131/165/148
f 138/164/149 154/174/149 139/166/149
f 132/167/150 146/173/150 147/175/150
f 140/168/151 154/174/151 155/176/151
f 132/167/152 148/177/152 133/152/152
f 140/168/153 156/178/153 141/153/153
f 134/154/154 148/177/154 149/179/154
f 142/155/155 156/178/155 157/180/155
f 135/156/156 149/179/156 150/181/156
f 128/158/157 82/182/157 143/183/157
f 308/184/158 142/155/158 157/180/158
f 135/156/159 151/185/159 136/160/159
f 128/158/160 144/170/160 129/161/160
f 155/176/161 171/186/161 156/178/161
f 149/179/162 163/187/162 164/188/162
f 156/178/163 172/189/163 157/180/163
f 150/181/164 164/188/164 165/190/164
f 143/183/165 82/191/165 158/192/165
f 308/193/166 157/180/166 172/189/166
f 150/181/167 166/194/167 151/185/167
f 143/183/168 159/195/168 144/170/168
f 151/185/169 167/196/169 152/169/169
f 145/171/170 159/195/170 160/197/170
f 153/172/171 167/196/171 168/198/171
f 145/171/172 161/199/172 146/173/172
f 153/172/173 169/200/173 154/174/173
f 147/175/174 161/199/174 162/201/174
f 155/176/175 169/200/175 170/202/175
f 147/175/176 163/187/176 148/177/176
f 168/198/177 182/203/177 183/204/177
f 160/197/178 176/205/178 161/199/178
f 168/198/179 184/206/179 169/200/179
f 162/201/180 176/205/180 177/207/180
f 169/200/181 185/208/181 170/202/181
f 162/201/182 178/209/182 163/187/182
f 171/186/183 185/208/183 186/210/183
f 164/188/184 178/209/184 179/211/184
f 172/189/185 186/210/185 187/212/185
f 165/190/186 179/211/186 180/213/186
f 158/192/187 82/214/187 173/215/187
f 308/216/188 172/189/188 187/212/188
f 165/190/189 181/217/189 166/194/189
f 158/192/190 174/218/190 159/195/190
f 166/194/191 182/203/191 167/196/191
f 159/195/192 175/219/192 160/197/192
f 186/210/193 202/220/193 187/212/193
f 180/213/194 194/221/194 195/222/194
f 173/215/195 82/223/195 188/224/195
f 308/225/196 187/212/196 202/220/196
f 180/213/197 196/226/197 181/217/197
f 174/218/198 188/224/198 189/227/198
f 181/217/199 197/228/199 182/203/199
f 175/219/200 189/227/200 190/229/200
f 183/204/201 197/228/201 198/230/201
f 175/219/202 191/231/202 176/205/202
f 183/204/203 199/232/203 184/206/203
f 177/207/204 191/231/204 192/233/204
f 185/208/205 199/232/205 200/234/205
f 177/207/206 193/235/206 178/209/206
f 185/208/207 201/236/207 186/210/207
f 179/211/208 193/235/208 194/221/208
f 190/229/209 206/237/209 191/231/209
f 198/230/210 214/238/210 199/232/210
f 192/233/211 206/237/211 207/239/211
f 200/234/212 214/238/212 215/240/212
f 192/233/213 208/241/213 193/235/213
f 200/234/214 216/242/214 201/236/214
f 194/221/215 208/241/215 209/243/215
f 201/236/216 217/244/216 202/220/216
f 195/222/217 209/243/217 210/245/217
f 188/224/218 82/246/218 203/247/218
f 308/248/219 202/220/219 217/244/219
f 195/222/220 211/249/220 196/226/220
f 188/224/221 204/250/221 189/227/221
f 196/226/222 212/251/222 197/228/222
f 189/227/223 205/252/223 190/229/223
f 198/230/224 212/251/224 213/253/224
f 210/245/225 224/254/225 225/255/225
f 203/247/226 82/256/226 218/257/226
f 308/258/227 217/244/227 232/259/227
f 210/245/228 226/260/228 211/249/228
f 203/247/229 219/261/229 204/250/229
f 211/249/230 227/262/230 212/251/230
f 204/250/231 220/263/231 205/252/231
f 213/253/232 227/262/232 228/264/232
f 205/252/233 221/265/233 206/237/233
f 213/253/234 229/266/234 214/238/234
f 207/239/235 221/265/235 222/267/235
f 215/240/236 229/266/236 230/268/236
f 207/239/237 223/269/237 208/241/237
f 215/240/238 231/270/238 216/242/238
f 209/243/239 223/269/239 224/254/239
f 216/242/240 232/259/240 217/244/240
f 228/264/241 244/271/241 229/266/241
f 222/267/242 236/272/242 237/273/242
f 230/268/243 244/271/243 245/274/243
f 222/267/244 238/275/244 223/269/244
f 230/268/245 246/276/245 231/270/245
f 224/254/246 238/275/246 239/277/246
f 232/259/247 246/276/247 247/278/247
f 225/255/248 239/277/248 240/279/248
f 218/257/249 82/280/249 233/281/249
f 308/282/250 232/259/250 247/278/250
f 225/255/251 241/283/251 226/260/251
f 218/257/252 234/284/252 219/261/252
f 226/260/253 242/285/253 227/262/253
f 220/263/254 234/284/254 235/286/254
f 228/264/255 242/285/255 243/287/255
f 220/263/256 236/272/256 221/265/256
f 233/281/257 82/288/257 248/289/257
f 308/290/258 247/278/258 262/291/258
f 240/279/259 256/292/259 241/283/259
f 233/281/260 249/293/260 234/284/260
f 241/283/261 257/294/261 242/285/261
f 234/284/262 250/295/262 235/286/262
f 243/287/263 257/294/263 258/296/263
f 235/286/264 251/297/264 236/272/264
f 243/287/265 259/298/265 244/271/265
f 237/273/266 251/297/266 252/299/266
f 245/274/267 259/298/267 260/300/267
f 237/273/268 253/301/268 238/275/268
f 245/274/269 261/302/269 246/276/269
f 239/277/270 253/301/270 254/303/270
f 246/276/271 262/291/271 247/278/271
f 240/279/272 254/303/272 255/304/272
f 252/299/273 266/305/273 267/306/273
f 260/300/274 274/307/274 275/308/274
f 252/299/275 268/309/275 253/301/275
f 260/300/276 276/310/276 261/302/276
f 254/303/277 268/309/277 269/311/277
f 261/302/278 277/312/278 262/291/278
f 255/304/279 269/311/279 270/313/279
f 248/289/280 82/314/280 263/315/280
f 308/316/281 262/291/281 277/312/281
f 255/304/282 271/317/282 256/292/282
f 249/293/283 263/315/283 264/318/283
f 256/292/284 272/319/284 257/294/284
f 249/293/285 265/320/285 250/295/285
f 258/296/286 272/319/286 273/321/286
f 250/295/287 266/305/287 251/297/287
f 258/296/288 274/307/288 259/298/288
f 270/313/289 286/322/289 271/317/289
f 264/318/290 278/323/290 279/324/290
f 271/317/291 287/325/291 272/319/291
f 264/318/292 280/326/292 265/320/292
f 273/321/293 287/325/293 288/327/293
f 265/320/294 281/328/294 266/305/294
f 273/321/295 289/329/295 274/307/295
f 267/306/296 281/328/296 282/330/296
f 275/308/297 289/329/297 290/331/297
f 267/306/298 283/332/298 268/309/298
f 275/308/299 291/333/299 276/310/299
f 269/311/300 283/332/300 284/334/300
f 277/312/301 291/333/301 292/335/301
f 270/313/302 284/334/302 285/336/302
f 263/315/303 82/337/303 278/323/303
f 308/338/304 277/312/304 292/335/304
f 290/331/305 304/339/305 305/340/305
f 282/330/306 298/341/306 283/332/306
f 290/331/307 306/342/307 291/333/307
f 284/334/308 298/341/308 299/343/308
f 292/335/309 306/342/309 307/344/309
f 285/336/310 299/343/310 300/345/310
f 278/323/311 82/346/311 293/347/311
f 308/348/312 292/335/312 307/344/312
f 285/336/313 301/349/313 286/322/313
f 278/323/314 294/350/314 279/324/314
f 286/322/315 302/351/315 287/325/315
f 279/324/316 295/352/316 280/326/316
f 288/327/317 302/351/317 303/353/317
f 280/326/318 296/354/318 281/328/318
f 288/327/319 304/339/319 289/329/319
f 282/330/320 296/354/320 297/355/320
f 301/349/321 318/356/321 302/351/321
f 294/350/322 311/357/322 295/352/322
f 303/353/323 318/356/323 319/358/323
f 295/352/324 312/359/324 296/354/324
f 303/353/325 320/360/325 304/339/325
f 297/355/326 312/359/326 313/361/326
f 305/340/327 320/360/327 321/362/327
f 297/355/328 314/363/328 298/341/328
f 305/340/329 322/364/329 306/342/329
f 299/343/330 314/363/330 315/365/330
f 306/342/331 323/366/331 307/344/331
f 300/345/332 315/365/332 316/367/332
f 293/347/333 82/368/333 309/369/333
f 308/370/334 307/344/334 323/366/334
f 300/345/335 317/371/335 301/349/335
f 293/347/336 310/372/336 294/350/336
f 321/362/337 337/373/337 322/364/337
f 315/365/338 329/374/338 330/375/338
f 322/364/339 338/376/339 323/366/339
f 316/367/340 330/375/340 331/377/340
f 309/369/341 82/378/341 324/379/341
f 308/380/342 323/366/342 338/376/342
f 316/367/343 332/381/343 317/371/343
f 309/369/344 325/382/344 310/372/344
f 317/371/345 333/383/345 318/356/345
f 310/372/346 326/384/346 311/357/346
f 319/358/347 333/383/347 334/385/347
f 311/357/348 327/386/348 312/359/348
f 319/358/349 335/387/349 320/360/349
f 312/359/350 328/388/350 313/361/350
f 321/362/351 335/387/351 336/389/351
f 313/361/352 329/374/352 314/363/352
f 325/382/353 341/390/353 326/384/353
f 334/385/354 348/391/354 349/392/354
f 326/384/355 342/393/355 327/386/355
f 334/385/356 350/394/356 335/387/356
f 328/388/357 342/393/357 343/395/357
f 336/389/358 350/394/358 351/396/358
f 328/388/359 344/397/359 329/374/359
f 336/389/360 352/398/360 337/373/360
f 330/375/361 344/397/361 345/399/361
f 337/373/362 353/400/362 338/376/362
f 331/377/363 345/399/363 346/401/363
f 324/379/364 82/402/364 339/403/364
f 308/404/365 338/376/365 353/400/365
f 331/377/366 347/405/366 332/381/366
f 324/379/367 340/406/367 325/382/367
f 332/381/368 348/391/368 333/383/368
f 345/399/369 359/407/369 360/408/369
f 352/398/370 368/409/370 353/400/370
f 346/401/371 360/408/371 361/410/371
f 339/403/372 82/411/372 354/412/372
f 308/413/373 353/400/373 368/409/373
f 346/401/374 362/414/374 347/405/374
f 339/403/375 355/415/375 340/406/375
f 347/405/376 363/416/376 348/391/376
f 341/390/377 355/415/377 356/417/377
f 349/392/378 363/416/378 364/418/378
f 341/390/379 357/419/379 342/393/379
f 349/392/380 365/420/380 350/394/380
f 343/395/381 357/419/381 358/421/381
f 351/396/382 365/420/382 366/422/382
f 343/395/383 359/407/383 344/397/383
f 351/396/384 367/423/384 352/398/384
f 364/424/385 378/425/385 379/426/385
f 356/427/386 372/428/386 357/429/386
f 364/424/387 380/430/387 365/431/387
f 358/432/388 372/428/388 373/433/388
f 366/434/389 380/430/389 381/435/389
f 358/432/390 374/436/390 359/437/390
f 366/434/391 382/438/391 367/439/391
f 360/440/392 374/436/392 375/441/392
f 367/439/393 383/442/393 368/443/393
f 361/444/394 375/441/394 376/445/394
f 354/446/395 82/447/395 369/448/395
f 308/449/396 368/443/396 383/442/396
f 361/444/397 377/450/397 362/451/397
f 354/446/398 370/452/398 355/453/398
f 362/451/399 378/425/399 363/454/399
f 356/427/400 370/452/400 371/455/400
f 382/438/401 398/456/401 383/442/401
f 376/445/402 390/457/402 391/458/402
f 369/448/403 82/459/403 384/460/403
f 308/461/404 383/442/404 398/456/404
f 376/445/405 392/462/405 377/450/405
f 369/448/406 385/463/406 370/452/406
f 377/450/407 393/464/407 378/425/407
f 371/455/408 385/463/408 386/465/408
f 379/426/409 393/464/409 394/466/409
f 371/455/410 387/467/410 372/428/410
f 379/426/411 395/468/411 380/430/411
f 373/433/412 387/467/412 388/469/412
f 381/435/413 395/468/413 396/470/413
f 373/433/414 389/471/414 374/436/414
f 381/435/415 397/472/415 382/438/415
f 375/441/416 389/471/416 390/457/416
f 386/465/417 402/473/417 387/467/417
f 394/466/418 410/474/418 395/468/418
f 388/469/419 402/473/419 403/475/419
f 396/470/420 410/474/420 411/476/420
f 388/469/421 404/477/421 389/471/421
f 397/472/422 411/476/422 412/478/422
f 390/457/423 404/477/423 405/479/423
f 397/472/424 413/480/424 398/456/424
f 391/458/425 405/479/425 406/481/425
f 384/460/426 82/482/426 399/483/426
f 308/484/427 398/456/427 413/480/427
f 391/458/428 407/485/428 392/462/428
f 385/463/429 399/483/429 400/486/429
f 392/462/430 408/487/430 393/464/430
f 385/463/431 401/488/431 386/465/431
f 394/466/432 408/487/432 409/489/432
f 406/481/433 420/490/433 421/491/433
f 399/483/434 82/492/434 414/493/434
f 308/494/435 413/480/435 428/495/435
f 406/481/436 422/496/436 407/485/436
f 399/483/437 415/497/437 400/486/437
f 407/485/438 423/498/438 408/487/438
f 401/488/439 415/497/439 416/499/439
f 409/489/440 423/498/440 424/500/440
f 401/488/441 417/501/441 402/473/441
f 409/489/442 425/502/442 410/474/442
f 403/475/443 417/501/443 418/503/443
f 411/476/444 425/502/444 426/504/444
f 403/475/445 419/505/445 404/477/445
f 411/476/446 427/506/446 412/478/446
f 405/479/447 419/505/447 420/490/447
f 412/478/448 428/495/448 413/480/448
f 424/500/449 440/507/449 425/502/449
f 418/503/450 432/508/450 433/509/450
f 426/504/451 440/507/451 441/510/451
f 418/503/452 434/511/452 419/505/452
f 426/504/453 442/512/453 427/506/453
f 420/490/454 434/511/454 435/513/454
f 427/506/455 443/514/455 428/495/455
f 421/491/456 435/513/456 436/515/456
f 414/493/457 82/516/457 429/517/457
f 308/518/458 428/495/458 443/514/458
f 421/491/459 437/519/459 422/496/459
f 414/493/460 430/520/460 415/497/460
f 422/496/461 438/521/461 423/498/461
f 416/499/462 430/520/462 431/522/462
f 424/500/463 438/521/463 439/523/463
f 416/499/464 432/508/464 417/501/464
f 308/524/465 443/514/465 458/525/465
f 436/515/466 452/526/466 437/519/466
f 430/520/467 444/527/467 445/528/467
f 437/519/468 453/529/468 438/521/468
f 430/520/469 446/530/469 431/522/469
f 439/523/470 453/529/470 454/531/470
f 431/522/471 447/532/471 432/508/471
f 439/523/472 455/533/472 440/507/472
f 433/509/473 447/532/473 448/534/473
f 441/510/474 455/533/474 456/535/474
f 433/509/475 449/536/475 434/511/475
f 441/510/476 457/537/476 442/512/476
f 435/513/477 449/536/477 450/538/477
f 442/512/478 458/525/478 443/514/478
f 436/515/479 450/538/479 451/539/479
f 429/517/480 82/540/480 444/527/480
f 456/535/481 470/541/481 471/542/481
f 448/534/482 464/543/482 449/536/482
f 456/535/483 472/544/483 457/537/483
f 450/538/484 464/543/484 465/545/484
f 458/525/485 472/544/485 473/546/485
f 451/539/486 465/545/486 466/547/486
f 444/527/487 82/548/487 459/549/487
f 308/550/488 458/525/488 473/546/488
f 451/539/489 467/551/489 452/526/489
f 444/527/490 460/552/490 445/528/490
f 452/526/491 468/553/491 453/529/491
f 446/530/492 460/552/492 461/554/492
f 454/531/493 468/553/493 469/555/493
f 446/530/494 462/556/494 447/532/494
f 454/531/495 470/541/495 455/533/495
f 448/534/496 462/556/496 463/557/496
f 460/552/497 474/30/497 475/4/497
f 467/551/498 478/8/498 468/553/498
f 461/554/499 475/4/499 1/9/499
f 468/553/500 6/12/500 469/555/500
f 462/556/501 1/9/501 476/13/501
f 469/555/502 479/16/502 470/541/502
f 463/557/503 476/13/503 2/17/503
f 471/542/504 479/16/504 480/20/504
f 464/543/505 2/17/505 477/21/505
f 471/542/506 481/24/506 472/544/506
f 465/545/507 477/21/507 3/25/507
f 472/544/508 482/28/508 473/546/508
f 466/547/509 3/25/509 4/1/509
f 459/549/510 82/558/510 474/30/510
f 308/559/511 473/546/511 482/28/511
f 466/547/512 5/3/512 467/551/512
f 4/1/513 14/29/513 15/2/513
f 475/4/2 474/30/2 7/5/2
f 5/3/3 15/2/3 16/7/3
f 1/9/4 475/4/4 8/6/4
f 478/8/5 16/7/5 17/11/5
f 476/13/6 1/9/6 9/10/6
f 6/12/7 17/11/7 18/15/7
f 2/17/8 476/13/8 10/14/8
f 479/16/9 18/15/9 19/19/9
f 477/21/10 2/17/10 11/18/10
f 480/20/11 19/19/11 20/23/11
f 3/25/12 477/21/12 12/22/12
f 481/24/13 20/23/13 21/27/13
f 3/25/514 13/26/514 14/29/514
f 20/23/17 35/48/17 36/33/17
f 13/26/18 28/49/18 29/34/18
f 14/29/21 29/34/21 30/38/21
f 7/5/22 22/36/22 23/39/22
f 15/2/23 30/38/23 31/40/23
f 8/6/24 23/39/24 24/41/24
f 16/7/25 31/40/25 32/42/25
f 9/10/26 24/41/26 25/43/26
f 17/11/27 32/42/27 33/44/27
f 10/14/28 25/43/28 26/45/28
f 19/19/29 18/15/29 33/44/29
f 11/18/30 26/45/30 27/47/30
f 20/23/31 19/19/31 34/46/31
f 13/26/32 12/22/32 27/47/32
f 33/44/33 32/42/33 47/50/33
f 25/43/34 40/66/34 41/52/34
f 34/46/35 33/44/35 48/51/35
f 26/45/36 41/52/36 42/54/36
f 34/46/515 49/53/515 50/55/515
f 27/47/38 42/54/38 43/56/38
f 35/48/39 50/55/39 51/57/39
f 28/49/40 43/56/40 44/58/40
f 30/38/43 29/34/43 44/58/43
f 22/36/44 37/60/44 38/63/44
f 30/38/45 45/62/45 46/64/45
f 23/39/516 38/63/516 39/65/516
f 32/42/47 31/40/47 46/64/47
f 24/41/48 39/65/48 40/66/48
f 44/58/51 59/83/51 60/71/51
f 37/60/52 52/68/52 53/72/52
f 45/62/53 60/71/53 61/73/53
f 38/63/54 53/72/54 54/74/54
f 47/50/55 46/64/55 61/73/55
f 39/65/56 54/74/56 55/76/56
f 47/50/57 62/75/57 63/77/57
f 40/66/58 55/76/58 56/78/58
f 48/51/59 63/77/59 64/79/59
f 41/52/60 56/78/60 57/80/60
f 49/53/61 64/79/61 65/81/61
f 43/56/62 42/54/62 57/80/62
f 50/55/63 65/81/63 66/70/63
f 44/58/64 43/56/64 58/82/64
f 56/78/65 55/76/65 70/84/65
f 63/77/66 78/100/66 79/86/66
f 56/78/67 71/85/67 72/87/67
f 65/81/68 64/79/68 79/86/68
f 58/82/69 57/80/69 72/87/69
f 65/81/517 80/88/517 81/90/517
f 59/83/71 58/82/71 73/89/71
f 59/83/74 74/91/74 75/95/74
f 52/68/75 67/93/75 68/96/75
f 60/71/76 75/95/76 76/97/76
f 53/72/77 68/96/77 69/98/77
f 62/75/78 61/73/78 76/97/78
f 54/74/79 69/98/79 70/84/79
f 62/75/80 77/99/80 78/100/80
f 74/91/81 90/114/81 91/101/81
f 67/93/82 83/116/82 84/102/82
f 75/95/83 91/101/83 92/103/83
f 68/96/84 84/102/84 85/104/84
f 77/99/85 76/97/85 92/103/85
f 69/98/86 85/104/86 86/106/86
f 77/99/87 93/105/87 94/107/87
f 71/85/88 70/84/88 86/106/88
f 78/100/89 94/107/89 95/109/89
f 71/85/90 87/108/90 88/110/90
f 79/86/91 95/109/91 96/111/91
f 73/89/92 72/87/92 88/110/92
f 81/90/93 80/88/93 96/111/93
f 74/91/94 73/89/94 89/112/94
f 95/109/97 94/107/97 109/118/97
f 87/108/98 102/134/98 103/120/98
f 96/111/99 95/109/99 110/119/99
f 89/112/100 88/110/100 103/120/100
f 96/111/101 111/121/101 112/123/101
f 90/114/102 89/112/102 104/122/102
f 90/114/105 105/124/105 106/128/105
f 84/102/106 83/116/106 98/126/106
f 91/101/107 106/128/107 107/130/107
f 84/102/108 99/129/108 100/131/108
f 93/105/109 92/103/109 107/130/109
f 85/104/110 100/131/110 101/133/110
f 93/105/111 108/132/111 109/118/111
f 87/108/112 86/106/112 101/133/112
f 99/129/113 98/126/113 113/135/113
f 106/128/114 121/151/114 122/137/114
f 99/129/115 114/136/115 115/138/115
f 108/132/116 107/130/116 122/137/116
f 100/131/117 115/138/117 116/140/117
f 108/132/118 123/139/118 124/141/118
f 102/134/119 101/133/119 116/140/119
f 110/119/120 109/118/120 124/141/120
f 102/134/121 117/142/121 118/144/121
f 110/119/122 125/143/122 126/145/122
f 104/122/123 103/120/123 118/144/123
f 111/121/124 126/145/124 127/147/124
f 105/124/125 104/122/125 119/146/125
f 105/124/128 120/148/128 121/151/128
f 117/142/129 132/167/129 133/152/129
f 125/143/130 140/168/130 141/153/130
f 119/146/131 118/144/131 133/152/131
f 126/145/132 141/153/132 142/155/132
f 120/148/133 119/146/133 134/154/133
f 120/148/136 135/156/136 136/160/136
f 113/135/137 128/158/137 129/161/137
f 121/151/138 136/160/138 137/162/138
f 114/136/139 129/161/139 130/163/139
f 123/139/140 122/137/140 137/162/140
f 115/138/141 130/163/141 131/165/141
f 123/139/142 138/164/142 139/166/142
f 117/142/143 116/140/143 131/165/143
f 125/143/144 124/141/144 139/166/144
f 136/160/145 151/185/145 152/169/145
f 130/163/146 129/161/146 144/170/146
f 138/164/147 137/162/147 152/169/147
f 130/163/148 145/171/148 146/173/148
f 138/164/149 153/172/149 154/174/149
f 132/167/150 131/165/150 146/173/150
f 140/168/151 139/166/151 154/174/151
f 132/167/152 147/175/152 148/177/152
f 140/168/153 155/176/153 156/178/153
f 134/154/154 133/152/154 148/177/154
f 142/155/155 141/153/155 156/178/155
f 135/156/156 134/154/156 149/179/156
f 135/156/159 150/181/159 151/185/159
f 128/158/160 143/183/160 144/170/160
f 155/176/518 170/202/518 171/186/518
f 149/179/162 148/177/162 163/187/162
f 156/178/163 171/186/163 172/189/163
f 150/181/164 149/179/164 164/188/164
f 150/181/167 165/190/167 166/194/167
f 143/183/168 158/192/168 159/195/168
f 151/185/169 166/194/169 167/196/169
f 145/171/519 144/170/519 159/195/519
f 153/172/171 152/169/171 167/196/171
f 145/171/172 160/197/172 161/199/172
f 153/172/173 168/198/173 169/200/173
f 147/175/174 146/173/174 161/199/174
f 155/176/175 154/174/175 169/200/175
f 147/175/176 162/201/176 163/187/176
f 168/198/177 167/196/177 182/203/177
f 160/197/178 175/219/178 176/205/178
f 168/198/179 183/204/179 184/206/179
f 162/201/180 161/199/180 176/205/180
f 169/200/181 184/206/181 185/208/181
f 162/201/182 177/207/182 178/209/182
f 171/186/183 170/202/183 185/208/183
f 164/188/184 163/187/184 178/209/184
f 172/189/185 171/186/185 186/210/185
f 165/190/186 164/188/186 179/211/186
f 165/190/189 180/213/189 181/217/189
f 158/192/190 173/215/190 174/218/190
f 166/194/191 181/217/191 182/203/191
f 159/195/192 174/218/192 175/219/192
f 186/210/193 201/236/193 202/220/193
f 180/213/194 179/211/194 194/221/194
f 180/213/197 195/222/197 196/226/197
f 174/218/198 173/215/198 188/224/198
f 181/217/199 196/226/199 197/228/199
f 175/219/200 174/218/200 189/227/200
f 183/204/201 182/203/201 197/228/201
f 175/219/202 190/229/202 191/231/202
f 183/204/203 198/230/203 199/232/203
f 177/207/204 176/205/204 191/231/204
f 185/208/205 184/206/205 199/232/205
f 177/207/206 192/233/206 193/235/206
f 185/208/207 200/234/207 201/236/207
f 179/211/208 178/209/208 193/235/208
f 190/229/209 205/252/209 206/237/209
f 198/230/210 213/253/210 214/238/210
f 192/233/211 191/231/211 206/237/211
f 200/234/212 199/232/212 214/238/212
f 192/233/213 207/239/213 208/241/213
f 200/234/520 215/240/520 216/242/520
f 194/221/215 193/235/215 208/241/215
f 201/236/216 216/242/216 217/244/216
f 195/222/217 194/221/217 209/243/217
f 195/222/220 210/245/220 211/249/220
f 188/224/221 203/247/221 204/250/221
f 196/226/222 211/249/222 212/251/222
f 189/227/223 204/250/223 205/252/223
f 198/230/224 197/228/224 212/251/224
f 210/245/225 209/243/225 224/254/225
f 210/245/228 225/255/228 226/260/228
f 203/247/229 218/257/229 219/261/229
f 211/249/230 226/260/230 227/262/230
f 204/250/231 219/261/231 220/263/231
f 213/253/232 212/251/232 227/262/232
f 205/252/233 220/263/233 221/265/233
f 213/253/234 228/264/234 229/266/234
f 207/239/235 206/237/235 221/265/235
f 215/240/236 214/238/236 229/266/236
f 207/239/237 222/267/237 223/269/237
f 215/240/238 230/268/238 231/270/238
f 209/243/239 208/241/239 223/269/239
f 216/242/240 231/270/240 232/259/240
f 228/264/241 243/287/241 244/271/241
f 222/267/242 221/265/242 236/272/242
f 230/268/243 229/266/243 244/271/243
f 222/267/244 237/273/244 238/275/244
f 230/268/245 245/274/245 246/276/245
f 224/254/246 223/269/246 238/275/246
f 232/259/247 231/270/247 246/276/247
f 225/255/248 224/254/248 239/277/248
f 225/255/251 240/279/251 241/283/251
f 218/257/252 233/281/252 234/284/252
f 226/260/253 241/283/253 242/285/253
f 220/263/254 219/261/254 234/284/254
f 228/264/255 227/262/255 242/285/255
f 220/263/256 235/286/256 236/272/256
f 240/279/521 255/304/521 256/292/521
f 233/281/260 248/289/260 249/293/260
f 241/283/261 256/292/261 257/294/261
f 234/284/262 249/293/262 250/295/262
f 243/287/263 242/285/263 257/294/263
f 235/286/264 250/295/264 251/297/264
f 243/287/265 258/296/265 259/298/265
f 237/273/266 236/272/266 251/297/266
f 245/274/267 244/271/267 259/298/267
f 237/273/268 252/299/268 253/301/268
f 245/274/269 260/300/269 261/302/269
f 239/277/270 238/275/270 253/301/270
f 246/276/271 261/302/271 262/291/271
f 240/279/522 239/277/522 254/303/522
f 252/299/273 251/297/273 266/305/273
f 260/300/274 259/298/274 274/307/274
f 252/299/275 267/306/275 268/309/275
f 260/300/276 275/308/276 276/310/276
f 254/303/277 253/301/277 268/309/277
f 261/302/278 276/310/278 277/312/278
f 255/304/279 254/303/279 269/311/279
f 255/304/282 270/313/282 271/317/282
f 249/293/283 248/289/283 263/315/283
f 256/292/284 271/317/284 272/319/284
f 249/293/285 264/318/285 265/320/285
f 258/296/286 257/294/286 272/319/286
f 250/295/287 265/320/287 266/305/287
f 258/296/288 273/321/288 274/307/288
f 270/313/289 285/336/289 286/322/289
f 264/318/290 263/315/290 278/323/290
f 271/317/291 286/322/291 287/325/291
f 264/318/523 279/324/523 280/326/523
f 273/321/293 272/319/293 287/325/293
f 265/320/294 280/326/294 281/328/294
f 273/321/295 288/327/295 289/329/295
f 267/306/296 266/305/296 281/328/296
f 275/308/297 274/307/297 289/329/297
f 267/306/298 282/330/298 283/332/298
f 275/308/524 290/331/524 291/333/524
f 269/311/300 268/309/300 283/332/300
f 277/312/301 276/310/301 291/333/301
f 270/313/302 269/311/302 284/334/302
f 290/331/305 289/329/305 304/339/305
f 282/330/306 297/355/306 298/341/306
f 290/331/307 305/340/307 306/342/307
f 284/334/308 283/332/308 298/341/308
f 292/335/309 291/333/309 306/342/309
f 285/336/310 284/334/310 299/343/310
f 285/336/313 300/345/313 301/349/313
f 278/323/314 293/347/314 294/350/314
f 286/322/315 301/349/315 302/351/315
f 279/324/316 294/350/316 295/352/316
f 288/327/317 287/325/317 302/351/317
f 280/326/318 295/352/318 296/354/318
f 288/327/319 303/353/319 304/339/319
f 282/330/320 281/328/320 296/354/320
f 301/349/321 317/371/321 318/356/321
f 294/350/322 310/372/322 311/357/322
f 303/353/323 302/351/323 318/356/323
f 295/352/324 311/357/324 312/359/324
f 303/353/325 319/358/325 320/360/325
f 297/355/326 296/354/326 312/359/326
f 305/340/327 304/339/327 320/360/327
f 297/355/328 313/361/328 314/363/328
f 305/340/329 321/362/329 322/364/329
f 299/343/330 298/341/330 314/363/330
f 306/342/525 322/364/525 323/366/525
f 300/345/332 299/343/332 315/365/332
f 300/345/335 316/367/335 317/371/335
f 293/347/336 309/369/336 310/372/336
f 321/362/526 336/389/526 337/373/526
f 315/365/338 314/363/338 329/374/338
f 322/364/339 337/373/339 338/376/339
f 316/367/340 315/365/340 330/375/340
f 316/367/343 331/377/343 332/381/343
f 309/369/344 324/379/344 325/382/344
f 317/371/345 332/381/345 333/383/345
f 310/372/346 325/382/346 326/384/346
f 319/358/347 318/356/347 333/383/347
f 311/357/348 326/384/348 327/386/348
f 319/358/349 334/385/349 335/387/349
f 312/359/350 327/386/350 328/388/350
f 321/362/351 320/360/351 335/387/351
f 313/361/352 328/388/352 329/374/352
f 325/382/353 340/406/353 341/390/353
f 334/385/354 333/383/354 348/391/354
f 326/384/355 341/390/355 342/393/355
f 334/385/356 349/392/356 350/394/356
f 328/388/357 327/386/357 342/393/357
f 336/389/358 335/387/358 350/394/358
f 328/388/359 343/395/359 344/397/359
f 336/389/360 351/396/360 352/398/360
f 330/375/361 329/374/361 344/397/361
f 337/373/362 352/398/362 353/400/362
f 331/377/363 330/375/363 345/399/363
f 331/377/366 346/401/366 347/405/366
f 324/379/367 339/403/367 340/406/367
f 332/381/368 347/405/368 348/391/368
f 345/399/369 344/397/369 359/407/369
f 352/398/370 367/423/370 368/409/370
f 346/401/527 345/399/527 360/408/527
f 346/401/528 361/410/528 362/414/528
f 339/403/375 354/412/375 355/415/375
f 347/405/376 362/414/376 363/416/376
f 341/390/377 340/406/377 355/415/377
f 349/392/378 348/391/378 363/416/378
f 341/390/379 356/417/379 357/419/379
f 349/392/380 364/418/380 365/420/380
f 343/395/381 342/393/381 357/419/381
f 351/396/382 350/394/382 365/420/382
f 343/395/383 358/421/383 359/407/383
f 351/396/384 366/422/384 367/423/384
f 364/424/385 363/454/385 378/425/385
f 356/427/386 371/455/386 372/428/386
f 364/424/387 379/426/387 380/430/387
f 358/432/388 357/429/388 372/428/388
f 366/434/389 365/431/389 380/430/389
f 358/432/390 373/433/390 374/436/390
f 366/434/391 381/435/391 382/438/391
f 360/440/392 359/437/392 374/436/392
f 367/439/393 382/438/393 383/442/393
f 361/444/529 360/440/529 375/441/529
f 361/444/530 376/445/530 377/450/530
f 354/446/398 369/448/398 370/452/398
f 362/451/399 377/450/399 378/425/399
f 356/427/400 355/453/400 370/452/400
f 382/438/401 397/472/401 398/456/401
f 376/445/402 375/441/402 390/457/402
f 376/445/405 391/458/405 392/462/405
f 369/448/406 384/460/406 385/463/406
f 377/450/407 392/462/407 393/464/407
f 371/455/408 370/452/408 385/463/408
f 379/426/409 378/425/409 393/464/409
f 371/455/410 386/465/410 387/467/410
f 379/426/411 394/466/411 395/468/411
f 373/433/412 372/428/412 387/467/412
f 381/435/413 380/430/413 395/468/413
f 373/433/414 388/469/414 389/471/414
f 381/435/415 396/470/415 397/472/415
f 375/441/416 374/436/416 389/471/416
f 386/465/417 401/488/417 402/473/417
f 394/466/418 409/489/418 410/474/418
f 388/469/419 387/467/419 402/473/419
f 396/470/420 395/468/420 410/474/420
f 388/469/421 403/475/421 404/477/421
f 397/472/422 396/470/422 411/476/422
f 390/457/423 389/471/423 404/477/423
f 397/472/424 412/478/424 413/480/424
f 391/458/425 390/457/425 405/479/425
f 391/458/428 406/481/428 407/485/428
f 385/463/429 384/460/429 399/483/429
f 392/462/430 407/485/430 408/487/430
f 385/463/431 400/486/431 401/488/431
f 394/466/432 393/464/432 408/487/432
f 406/481/433 405/479/433 420/490/433
f 406/481/436 421/491/436 422/496/436
f 399/483/437 414/493/437 415/497/437
f 407/485/438 422/496/438 423/498/438
f 401/488/439 400/486/439 415/497/439
f 409/489/440 408/487/440 423/498/440
f 401/488/441 416/499/441 417/501/441
f 409/489/442 424/500/442 425/502/442
f 403/475/443 402/473/443 417/501/443
f 411/476/444 410/474/444 425/502/444
f 403/475/445 418/503/445 419/505/445
f 411/476/446 426/504/446 427/506/446
f 405/479/447 404/477/447 419/505/447
f 412/478/448 427/506/448 428/495/448
f 424/500/449 439/523/449 440/507/449
f 418/503/450 417/501/450 432/508/450
f 426/504/451 425/502/451 440/507/451
f 418/503/452 433/509/452 434/511/452
f 426/504/453 441/510/453 442/512/453
f 420/490/454 419/505/454 434/511/454
f 427/506/455 442/512/455 443/514/455
f 421/491/456 420/490/456 435/513/456
f 421/491/459 436/515/459 437/519/459
f 414/493/460 429/517/460 430/520/460
f 422/496/461 437/519/461 438/521/461
f 416/499/462 415/497/462 430/520/462
f 424/500/463 423/498/463 438/521/463
f 416/499/464 431/522/464 432/508/464
f 436/515/466 451/539/466 452/526/466
f 430/520/467 429/517/467 444/527/467
f 437/519/468 452/526/468 453/529/468
f 430/520/469 445/528/469 446/530/469
f 439/523/470 438/521/470 453/529/470
f 431/522/471 446/530/471 447/532/471
f 439/523/472 454/531/472 455/533/472
f 433/509/473 432/508/473 447/532/473
f 441/510/474 440/507/474 455/533/474
f 433/509/475 448/534/475 449/536/475
f 441/510/476 456/535/476 457/537/476
f 435/513/477 434/511/477 449/536/477
f 442/512/478 457/537/478 458/525/478
f 436/515/479 435/513/479 450/538/479
f 456/535/481 455/533/481 470/541/481
f 448/534/482 463/557/482 464/543/482
f 456/535/483 471/542/483 472/544/483
f 450/538/484 449/536/484 464/543/484
f 458/525/485 457/537/485 472/544/485
f 451/539/486 450/538/486 465/545/486
f 451/539/489 466/547/489 467/551/489
f 444/527/490 459/549/490 460/552/490
f 452/526/491 467/551/491 468/553/491
f 446/530/492 445/528/492 460/552/492
f 454/531/493 453/529/493 468/553/493
f 446/530/494 461/554/494 462/556/494
f 454/531/495 469/555/495 470/541/495
f 448/534/496 447/532/496 462/556/496
f 460/552/497 459/549/497 474/30/497
f 467/551/498 5/3/498 478/8/498
f 461/554/499 460/552/499 475/4/499
f 468/553/500 478/8/500 6/12/500
f 462/556/501 461/554/501 1/9/501
f 469/555/502 6/12/502 479/16/502
f 463/557/503 462/556/503 476/13/503
f 471/542/504 470/541/504 479/16/504
f 464/543/505 463/557/505 2/17/505
f 471/542/506 480/20/506 481/24/506
f 465/545/507 464/543/507 477/21/507
f 472/544/508 481/24/508 482/28/508
f 466/547/509 465/545/509 3/25/509
f 466/547/512 4/1/512 5/3/512
o 球.001
v 0.400000 0.583147 0.855557
v 0.400000 0.555557 0.883147
v 0.400000 0.519509 0.898079
v 0.400000 0.500000 0.900000
v 0.400000 0.480491 0.898079
v 0.400000 0.444443 0.883147
v 0.396194 0.598079 0.819134
v 0.392534 0.592388 0.837533
v 0.389161 0.583147 0.854490
v 0.386205 0.570711 0.869352
v 0.383779 0.555557 0.881549
v 0.381976 0.538268 0.890613
v 0.380866 0.519509 0.896194
v 0.380491 0.500000 0.898079
v 0.380866 0.480491 0.896194
v 0.381976 0.461732 0.890613
v 0.383779 0.444443 0.881549
v 0.386205 0.429289 0.869352
v 0.389161 0.416853 0.854490
v 0.392534 0.407612 0.837533
v 0.396194 0.401921 0.819134
v 0.392534 0.598079 0.818024
v 0.385355 0.592388 0.835355
v 0.378739 0.583147 0.851328
v 0.372940 0.570711 0.865328
v 0.368181 0.555557 0.876818
v 0.364645 0.538268 0.885355
v 0.362467 0.519509 0.890613
v 0.361732 0.500000 0.892388
v 0.362467 0.480491 0.890613
v 0.364645 0.461732 0.885355
v 0.368181 0.444443 0.876818
v 0.372940 0.429289 0.865328
v 0.378739 0.416853 0.851328
v 0.385355 0.407612 0.835355
v 0.392534 0.401921 0.818024
v 0.389161 0.598079 0.816221
v 0.378739 0.592388 0.831819
v 0.369134 0.583147 0.846194
v 0.360715 0.570711 0.858794
v 0.353806 0.555557 0.869134
v 0.348672 0.538268 0.876818
v 0.345510 0.519509 0.881549
v 0.344443 0.500000 0.883147
v 0.345510 0.480491 0.881549
v 0.348672 0.461732 0.876818
v 0.353806 0.444443 0.869134
v 0.360715 0.429289 0.858794
v 0.369134 0.416853 0.846194
v 0.378739 0.407612 0.831819
v 0.389161 0.401921 0.816221
v 0.386205 0.598079 0.813795
v 0.372940 0.592388 0.827060
v 0.360715 0.583147 0.839285
v 0.350000 0.570711 0.850000
v 0.341206 0.555557 0.858794
v 0.334672 0.538268 0.865328
v 0.330648 0.519509 0.869352
v 0.329289 0.500000 0.870711
v 0.330648 0.480491 0.869352
v 0.334672 0.461732 0.865328
v 0.341206 0.444443 0.858794
v 0.350000 0.429289 0.850000
v 0.360715 0.416853 0.839285
v 0.372940 0.407612 0.827060
v 0.386205 0.401921 0.813795
v 0.383779 0.598079 0.810839
v 0.368181 0.592388 0.821261
v 0.353806 0.583147 0.830866
v 0.341206 0.570711 0.839285
v 0.330866 0.555557 0.846194
v 0.323182 0.538268 0.851328
v 0.318451 0.519509 0.854490
v 0.316853 0.500000 0.855557
v 0.318451 0.480491 0.854490
v 0.323182 0.461732 0.851328
v 0.330866 0.444443 0.846194
v 0.341206 0.429289 0.839285
v 0.353806 0.416853 0.830866
v 0.368181 0.407612 0.821261
v 0.383779 0.401921 0.810839
v 0.400000 0.600000 0.800000
v 0.381976 0.598079 0.807466
v 0.364645 0.592388 0.814645
v 0.348672 0.583147 0.821261
v 0.334672 0.570711 0.827060
v 0.323182 0.555557 0.831819
v 0.314645 0.538268 0.835355
v 0.309387 0.519509 0.837533
v 0.307612 0.500000 0.838268
v 0.309387 0.480491 0.837533
v 0.314645 0.461732 0.835355
v 0.323182 0.444443 0.831819
v 0.334672 0.429289 0.827060
v 0.348672 0.416853 0.821261
v 0.364645 0.407612 0.814645
v 0.381976 0.401921 0.807466
v 0.380866 0.598079 0.803806
v 0.362467 0.592388 0.807466
v 0.345511 0.583147 0.810839
v 0.330648 0.570711 0.813795
v 0.318451 0.555557 0.816221
v 0.309387 0.538268 0.818024
v 0.303806 0.519509 0.819134
v 0.301921 0.500000 0.819509
v 0.303806 0.480491 0.819134
v 0.309387 0.461732 0.818024
v 0.318451 0.444443 0.816221
v 0.330648 0.429289 0.813795
v 0.345511 0.416853 0.810839
v 0.362467 0.407612 0.807466
v 0.380866 0.401921 0.803806
v 0.380491 0.598079 0.800000
v 0.361732 0.592388 0.800000
v 0.344443 0.583147 0.800000
v 0.329289 0.570711 0.800000
v 0.316853 0.555557 0.800000
v 0.307612 0.538268 0.800000
v 0.301921 0.519509 0.800000
v 0.300000 0.500000 0.800000
v 0.301921 0.480491 0.800000
v 0.307612 0.461732 0.800000
v 0.316853 0.444443 0.800000
v 0.329289 0.429289 0.800000
v 0.344443 0.416853 0.800000
v 0.361732 0.407612 0.800000
v 0.380491 0.401921 0.800000
v 0.380866 0.598079 0.796194
v 0.362467 0.592388 0.792534
v 0.345511 0.583147 0.789161
v 0.330648 0.570711 0.786205
v 0.318451 0.555557 0.783779
v 0.309387 0.538268 0.781976
v 0.303806 0.519509 0.780866
v 0.301922 0.500000 0.780491
v 0.303806 0.480491 0.780866
v 0.309387 0.461732 0.781976
v 0.318451 0.444443 0.783779
v 0.330648 0.429289 0.786205
v 0.345511 0.416853 0.789161
v 0.362467 0.407612 0.792534
v 0.380866 0.401921 0.796194
v 0.381976 0.598079 0.792534
v 0.364645 0.592388 0.785355
v 0.348672 0.583147 0.778739
v 0.334672 0.570711 0.772940
v 0.323182 0.555557 0.768181
v 0.314645 0.538268 0.764645
v 0.309387 0.519509 0.762467
v 0.307612 0.500000 0.761732
v 0.309387 0.480491 0.762467
v 0.314645 0.461732 0.764645
v 0.323182 0.444443 0.768181
v 0.334672 0.429289 0.772940
v 0.348672 0.416853 0.778739
v 0.364645 0.407612 0.785355
v 0.381976 0.401921 0.792534
v 0.383779 0.598079 0.789161
v 0.368181 0.592388 0.778739
v 0.353806 0.583147 0.769134
v 0.341206 0.570711 0.760715
v 0.330866 0.555557 0.753806
v 0.323182 0.538268 0.748672
v 0.318451 0.519509 0.745511
v 0.316853 0.500000 0.744443
v 0.318451 0.480491 0.745511
v 0.323182 0.461732 0.748672
v 0.330866 0.444443 0.753806
v 0.341206 0.429289 0.760715
v 0.353806 0.416853 0.769134
v 0.368181 0.407612 0.778739
v 0.383779 0.401921 0.789161
v 0.386205 0.598079 0.786205
v 0.372940 0.592388 0.772940
v 0.360715 0.583147 0.760715
v 0.350000 0.570711 0.750000
v 0.341206 0.555557 0.741206
v 0.334672 0.538268 0.734672
v 0.330648 0.519509 0.730648
v 0.329289 0.500000 0.729289
v 0.330648 0.480491 0.730648
v 0.334672 0.461732 0.734672
v 0.341206 0.444443 0.741206
v 0.350000 0.429289 0.750000
v 0.360715 0.416853 0.760715
v 0.372940 0.407612 0.772940
v 0.386205 0.401921 0.786205
v 0.389161 0.598079 0.783779
v 0.378739 0.592388 0.768181
v 0.369134 0.583147 0.753806
v 0.360715 0.570711 0.741206
v 0.353806 0.555557 0.730866
v 0.348672 0.538268 0.723182
v 0.345511 0.519509 0.718451
v 0.344443 0.500000 0.716853
v 0.345511 0.480491 0.718451
v 0.348672 0.461732 0.723182
v 0.353806 0.444443 0.730866
v 0.360715 0.429289 0.741206
v 0.369134 0.416853 0.753806
v 0.378739 0.407612 0.768181
v 0.389161 0.401921 0.783779
v 0.392534 0.598079 0.781976
v 0.385355 0.592388 0.764645
v 0.378739 0.583147 0.748672
v 0.372940 0.570711 0.734672
v 0.368181 0.555557 0.723182
v 0.364645 0.538268 0.714645
v 0.362467 0.519509 0.709387
v 0.361732 0.500000 0.707612
v 0.362467 0.480491 0.709387
v 0.364645 0.461732 0.714645
v 0.368181 0.444443 0.723182
v 0.372940 0.429289 0.734672
v 0.378739 0.416853 0.748672
v 0.385355 0.407612 0.764645
v 0.392534 0.401921 0.781976
v 0.396194 0.598079 0.780866
v 0.392534 0.592388 0.762467
v 0.389161 0.583147 0.745511
v 0.386205 0.570711 0.730648
v 0.383779 0.555557 0.718451
v 0.381976 0.538268 0.709387
v 0.380866 0.519509 0.703806
v 0.380491 0.500000 0.701922
v 0.380866 0.480491 0.703806
v 0.381976 0.461732 0.709387
v 0.383779 0.444443 0.718451
v 0.386205 0.429289 0.730648
v 0.389161 0.416853 0.745511
v 0.392534 0.407612 0.762467
v 0.396194 0.401921 0.780866
v 0.400000 0.598079 0.780491
v 0.400000 0.592388 0.761732
v 0.400000 0.583147 0.744443
v 0.400000 0.570711 0.729289
v 0.400000 0.555557 0.716853
v 0.400000 0.538268 0.707612
v 0.400000 0.519509 0.701922
v 0.400000 0.500000 0.700000
v 0.400000 0.480491 0.701922
v 0.400000 0.461732 0.707612
v 0.400000 0.444443 0.716853
v 0.400000 0.429289 0.729289
v 0.400000 0.416853 0.744443
v 0.400000 0.407612 0.761732
v 0.400000 0.401921 0.780491
v 0.403806 0.598079 0.780866
v 0.407466 0.592388 0.762467
v 0.410839 0.583147 0.745511
v 0.413795 0.570711 0.730648
v 0.416221 0.555557 0.718451
v 0.418024 0.538268 0.709387
v 0.419134 0.519509 0.703806
v 0.419509 0.500000 0.701922
v 0.419134 0.480491 0.703806
v 0.418024 0.461732 0.709387
v 0.416221 0.444443 0.718451
v 0.413795 0.429289 0.730648
v 0.410839 0.416853 0.745511
v 0.407466 0.407612 0.762467
v 0.403806 0.401921 0.780866
v 0.407466 0.598079 0.781976
v 0.414645 0.592388 0.764645
v 0.421261 0.583147 0.748672
v 0.427060 0.570711 0.734672
v 0.431819 0.555557 0.723182
v 0.435355 0.538268 0.714645
v 0.437533 0.519509 0.709387
v 0.438268 0.500000 0.707612
v 0.437533 0.480491 0.709387
v 0.435355 0.461732 0.714645
v 0.431819 0.444443 0.723182
v 0.427060 0.429289 0.734672
v 0.421261 0.416853 0.748672
v 0.414645 0.407612 0.764645
v 0.407466 0.401921 0.781976
v 0.410839 0.598079 0.783779
v 0.421261 0.592388 0.768181
v 0.430866 0.583147 0.753806
v 0.439285 0.570711 0.741206
v 0.446194 0.555557 0.730866
v 0.451328 0.538268 0.723182
v 0.454489 0.519509 0.718451
v 0.455557 0.500000 0.716853
v 0.454489 0.480491 0.718451
v 0.451328 0.461732 0.723182
v 0.446194 0.444443 0.730866
v 0.439285 0.429289 0.741206
v 0.430866 0.416853 0.753806
v 0.421261 0.407612 0.768181
v 0.410839 0.401921 0.783779
v 0.413795 0.598079 0.786205
v 0.427060 0.592388 0.772940
v 0.439285 0.583147 0.760715
v 0.450000 0.570711 0.750000
v 0.458794 0.555557 0.741206
v 0.465328 0.538268 0.734672
v 0.469352 0.519509 0.730648
v 0.470711 0.500000 0.729289
v 0.469352 0.480491 0.730648
v 0.465328 0.461732 0.734672
v 0.458794 0.444443 0.741206
v 0.450000 0.429289 0.750000
v 0.439285 0.416853 0.760715
v 0.427060 0.407612 0.772940
v 0.413795 0.401921 0.786205
v 0.400000 0.400000 0.800000
v 0.416221 0.598079 0.789161
v 0.431819 0.592388 0.778739
v 0.446194 0.583147 0.769134
v 0.458794 0.570711 0.760715
v 0.469134 0.555557 0.753806
v 0.476818 0.538268 0.748672
v 0.481549 0.519509 0.745511
v 0.483147 0.500000 0.744443
v 0.481549 0.480491 0.745511
v 0.476818 0.461732 0.748672
v 0.469134 0.444443 0.753806
v 0.458794 0.429289 0.760715
v 0.446194 0.416853 0.769134
v 0.431819 0.407612 0.778739
v 0.416221 0.401921 0.789161
v 0.418024 0.598079 0.792534
v 0.435355 0.592388 0.785355
v 0.451328 0.583147 0.778739
v 0.465328 0.570711 0.772940
v 0.476818 0.555557 0.768181
v 0.485355 0.538268 0.764645
v 0.490613 0.519509 0.762467
v 0.492388 0.500000 0.761732
v 0.490613 0.480491 0.762467
v 0.485355 0.461732 0.764645
v 0.476818 0.444443 0.768181
v 0.465328 0.429289 0.772940
v 0.451328 0.416853 0.778739
v 0.435355 0.407612 0.785355
v 0.418024 0.401921 0.792534
v 0.419134 0.598079 0.796194
v 0.437533 0.592388 0.792534
v 0.454489 0.583147 0.789161
v 0.469352 0.570711 0.786205
v 0.481549 0.555557 0.783779
v 0.490613 0.538268 0.781976
v 0.496194 0.519509 0.780866
v 0.498078 0.500000 0.780491
v 0.496194 0.480491 0.780866
v 0.490613 0.461732 0.781976
v 0.481549 0.444443 0.783779
v 0.469352 0.429289 0.786205
v 0.454489 0.416853 0.789161
v 0.437533 0.407612 0.792534
v 0.419134 0.401921 0.796194
v 0.419509 0.598079 0.800000
v 0.438268 0.592388 0.800000
v 0.455557 0.583147 0.800000
v 0.470711 0.570711 0.800000
v 0.483147 0.555557 0.800000
v 0.492388 0.538268 0.800000
v 0.498078 0.519509 0.800000
v 0.500000 0.500000 0.800000
v 0.498078 0.480491 0.800000
v 0.492388 0.461732 0.800000
v 0.483147 0.444443 0.800000
v 0.470711 0.429289 0.800000
v 0.455557 0.416853 0.800000
v 0.438268 0.407612 0.800000
v 0.419509 0.401921 0.800000
v 0.419134 0.598079 0.803806
v 0.437533 0.592388 0.807466
v 0.454489 0.583147 0.810839
v 0.469352 0.570711 0.813795
v 0.481549 0.555557 0.816221
v 0.490613 0.538268 0.818024
v 0.496194 0.519509 0.819134
v 0.498078 0.500000 0.819509
v 0.496194 0.480491 0.819134
v 0.490613 0.461732 0.818024
v 0.481549 0.444443 0.816221
v 0.469352 0.429289 0.813795
v 0.454489 0.416853 0.810839
v 0.437533 0.407612 0.807466
v 0.419134 0.401921 0.803806
v 0.418024 0.598079 0.807466
v 0.435355 0.592388 0.814645
v 0.451328 0.583147 0.821261
v 0.465328 0.570711 0.827060
v 0.476818 0.555557 0.831819
v 0.485355 0.538268 0.835355
v 0.490613 0.519509 0.837533
v 0.492388 0.500000 0.838268
v 0.490613 0.480491 0.837533
v 0.485355 0.461732 0.835355
v 0.476818 0.444443 0.831819
v 0.465328 0.429289 0.827060
v 0.451328 0.416853 0.821261
v 0.435355 0.407612 0.814645
v 0.418024 0.401921 0.807466
v 0.416221 0.598079 0.810839
v 0.431819 0.592388 0.821261
v 0.446194 0.583147 0.830866
v 0.458794 0.570711 0.839285
v 0.469134 0.555557 0.846194
v 0.476818 0.538268 0.851328
v 0.481549 0.519509 0.854490
v 0.483147 0.500000 0.855557
v 0.481549 0.480491 0.854490
v 0.476818 0.461732 0.851328
v 0.469134 0.444443 0.846194
v 0.458794 0.429289 0.839285
v 0.446194 0.416853 0.830866
v 0.431819 0.407612 0.821261
v 0.416221 0.401921 0.810839
v 0.413795 0.598079 0.813795
v 0.427060 0.592388 0.827060
v 0.439285 0.583147 0.839285
v 0.450000 0.570711 0.850000
v 0.458794 0.555557 0.858794
v 0.465328 0.538268 0.865328
v 0.469352 0.519509 0.869352
v 0.470711 0.500000 0.870711
v 0.469352 0.480491 0.869352
v 0.465328 0.461732 0.865328
v 0.458794 0.444443 0.858794
v 0.450000 0.429289 0.850000
v 0.439285 0.416853 0.839285
v 0.427060 0.407612 0.827060
v 0.413795 0.401921 0.813795
v 0.410839 0.598079 0.816221
v 0.421261 0.592388 0.831819
v 0.430866 0.583147 0.846194
v 0.439285 0.570711 0.858794
v 0.446194 0.555557 0.869134
v 0.451328 0.538268 0.876818
v 0.454489 0.519509 0.881549
v 0.455557 0.500000 0.883147
v 0.454489 0.480491 0.881549
v 0.451328 0.461732 0.876818
v 0.446194 0.444443 0.869134
v 0.439285 0.429289 0.858794
v 0.430866 0.416853 0.846194
v 0.421261 0.407612 0.831819
v 0.410839 0.401921 0.816221
v 0.407466 0.598079 0.818024
v 0.414645 0.592388 0.835355
v 0.421261 0.583147 0.851328
v 0.427060 0.570711 0.865328
v 0.431819 0.555557 0.876818
v 0.435355 0.538268 0.885355
v 0.437533 0.519509 0.890613
v 0.438268 0.500000 0.892388
v 0.437533 0.480491 0.890613
v 0.435355 0.461732 0.885355
v 0.431819 0.444443 0.876818
v 0.427060 0.429289 0.865328
v 0.421261 0.416853 0.851328
v 0.414645 0.407612 0.835355
v 0.407466 0.401921 0.818024
v 0.403806 0.598079 0.819134
v 0.407466 0.592388 0.837533
v 0.410839 0.583147 0.854489
v 0.413795 0.570711 0.869352
v 0.416221 0.555557 0.881549
v 0.418024 0.538268 0.890613
v 0.419134 0.519509 0.896194
v 0.419509 0.500000 0.898078
v 0.419134 0.480491 0.896194
v 0.418024 0.461732 0.890613
v 0.416221 0.444443 0.881549
v 0.413795 0.429289 0.869352
v 0.410839 0.416853 0.854489
v 0.407466 0.407612 0.837533
v 0.403806 0.401921 0.819134
v 0.400000 0.598079 0.819509
v 0.400000 0.592388 0.838268
v 0.400000 0.570711 0.870711
v 0.400000 0.538268 0.892388
v 0.400000 0.461732 0.892388
v 0.400000 0.429289 0.870711
v 0.400000 0.416853 0.855557
v 0.400000 0.407612 0.838268
v 0.400000 0.401921 0.819509
vn -0.0759 0.6326 0.7708
vn -0.0624 -0.7715 0.6332
vn -0.0865 0.4696 0.8786
vn -0.0464 -0.8810 0.4709
vn -0.0938 0.2890 0.9527
vn -0.0286 -0.9565 0.2902
vn -0.0975 0.0975 0.9904
vn -0.0097 0.9951 0.0980
vn -0.0097 -0.9951 0.0980
vn -0.0975 -0.0976 0.9904
vn -0.0286 0.9565 0.2902
vn -0.0938 -0.2890 0.9527
vn -0.0464 0.8810 0.4709
vn -0.0865 -0.4696 0.8786
vn -0.0624 0.7715 0.6332
vn -0.0759 -0.6326 0.7708
vn -0.1847 0.7715 0.6088
vn -0.2248 -0.6326 0.7412
vn -0.2248 0.6326 0.7412
vn -0.1847 -0.7715 0.6088
vn -0.2563 0.4696 0.8448
vn -0.1374 -0.8810 0.4528
vn -0.2779 0.2890 0.9161
vn -0.0846 -0.9565 0.2790
vn -0.2889 0.0976 0.9524
vn -0.0286 0.9951 0.0942
vn -0.0286 -0.9951 0.0942
vn -0.2889 -0.0976 0.9524
vn -0.0846 0.9565 0.2790
vn -0.2779 -0.2890 0.9161
vn -0.1374 0.8810 0.4528
vn -0.2563 -0.4696 0.8448
vn -0.4691 0.0975 0.8777
vn -0.0464 0.9951 0.0869
vn -0.0464 -0.9951 0.0869
vn -0.4691 -0.0975 0.8777
vn -0.1374 0.9565 0.2571
vn -0.4513 -0.2890 0.8443
vn -0.2231 0.8810 0.4173
vn -0.4162 -0.4696 0.7786
vn -0.2999 0.7715 0.5611
vn -0.3651 -0.6326 0.6831
vn -0.3651 0.6326 0.6831
vn -0.2999 -0.7715 0.5611
vn -0.4162 0.4696 0.7786
vn -0.2230 -0.8810 0.4173
vn -0.4513 0.2890 0.8443
vn -0.1374 -0.9565 0.2571
vn -0.4913 -0.6326 0.5987
vn -0.4913 0.6326 0.5987
vn -0.4036 -0.7715 0.4918
vn -0.5601 0.4696 0.6825
vn -0.3002 -0.8810 0.3658
vn -0.6073 0.2890 0.7400
vn -0.1850 -0.9565 0.2254
vn -0.6314 0.0975 0.7693
vn -0.0625 0.9951 0.0761
vn -0.0625 -0.9951 0.0761
vn -0.6314 -0.0975 0.7693
vn -0.1850 0.9565 0.2254
vn -0.6073 -0.2890 0.7400
vn -0.3002 0.8810 0.3658
vn -0.5601 -0.4696 0.6825
vn -0.4036 0.7715 0.4918
vn -0.0761 0.9951 0.0625
vn -0.0761 -0.9951 0.0625
vn -0.7693 -0.0975 0.6314
vn -0.2254 0.9565 0.1850
vn -0.7400 -0.2890 0.6073
vn -0.3658 0.8810 0.3002
vn -0.6825 -0.4696 0.5601
vn -0.4918 0.7715 0.4036
vn -0.5987 -0.6326 0.4913
vn -0.5987 0.6326 0.4913
vn -0.4918 -0.7715 0.4036
vn -0.6825 0.4696 0.5601
vn -0.3658 -0.8810 0.3002
vn -0.7400 0.2890 0.6073
vn -0.2254 -0.9566 0.1850
vn -0.7693 0.0975 0.6314
vn -0.6831 0.6326 0.3651
vn -0.5611 -0.7715 0.2999
vn -0.7786 0.4696 0.4162
vn -0.4173 -0.8810 0.2230
vn -0.8443 0.2890 0.4513
vn -0.2571 -0.9565 0.1374
vn -0.8777 0.0975 0.4691
vn -0.0869 0.9951 0.0464
vn -0.0869 -0.9951 0.0464
vn -0.8777 -0.0975 0.4691
vn -0.2571 0.9565 0.1374
vn -0.8443 -0.2890 0.4513
vn -0.4173 0.8810 0.2230
vn -0.7786 -0.4696 0.4162
vn -0.5611 0.7715 0.2999
vn -0.6831 -0.6326 0.3651
vn -0.9524 -0.0975 0.2889
vn -0.2790 0.9565 0.0846
vn -0.9161 -0.2890 0.2779
vn -0.4528 0.8810 0.1374
vn -0.8448 -0.4696 0.2563
vn -0.6088 0.7715 0.1847
vn -0.7412 -0.6326 0.2248
vn -0.7412 0.6326 0.2248
vn -0.6088 -0.7715 0.1847
vn -0.8448 0.4696 0.2563
vn -0.4528 -0.8810 0.1374
vn -0.9161 0.2890 0.2779
vn -0.2790 -0.9565 0.0846
vn -0.9524 0.0975 0.2889
vn -0.0942 0.9951 0.0286
vn -0.0942 -0.9951 0.0286
vn -0.6332 -0.7715 0.0624
vn -0.8786 0.4696 0.0865
vn -0.4709 -0.8810 0.0464
vn -0.9527 0.2890 0.0938
vn -0.2902 -0.9565 0.0286
vn -0.9904 0.0975 0.0975
vn -0.0980 0.9951 0.0097
vn -0.0980 -0.9951 0.0097
vn -0.9904 -0.0975 0.0975
vn -0.2902 0.9565 0.0286
vn -0.9527 -0.2890 0.0938
vn -0.4709 0.8810 0.0464
vn -0.8786 -0.4696 0.0865
vn -0.6332 0.7715 0.0624
vn -0.7708 -0.6326 0.0759
vn -0.7708 0.6326 0.0759
vn -0.9527 -0.2890 -0.0938
vn -0.4709 0.8810 -0.0464
vn -0.8786 -0.4696 -0.0865
vn -0.6332 0.7715 -0.0624
vn -0.7708 -0.6326 -0.0759
vn -0.7708 0.6326 -0.0759
vn -0.6332 -0.7715 -0.0624
vn -0.8786 0.4696 -0.0865
vn -0.4709 -0.8810 -0.0464
vn -0.9527 0.2890 -0.0938
vn -0.2902 -0.9565 -0.0286
vn -0.9904 0.0975 -0.0976
vn -0.0980 0.9951 -0.0097
vn -0.0980 -0.9951 -0.0097
vn -0.9904 -0.0975 -0.0976
vn -0.2902 0.9565 -0.0286
vn -0.4528 -0.8810 -0.1374
vn -0.9161 0.2890 -0.2779
vn -0.2790 -0.9565 -0.0846
vn -0.9524 0.0975 -0.2889
vn -0.0942 0.9951 -0.0286
vn -0.0942 -0.9951 -0.0286
vn -0.9524 -0.0975 -0.2889
vn -0.2790 0.9565 -0.0846
vn -0.9161 -0.2890 -0.2779
vn -0.4528 0.8810 -0.1374
vn -0.8448 -0.4696 -0.2563
vn -0.6088 0.7715 -0.1847
vn -0.7412 -0.6326 -0.2248
vn -0.7412 0.6326 -0.2248
vn -0.6088 -0.7715 -0.1847
vn -0.8448 0.4696 -0.2563
vn -0.4173 0.8810 -0.2231
vn -0.7786 -0.4696 -0.4162
vn -0.5611 0.7715 -0.2999
vn -0.6831 -0.6326 -0.3651
vn -0.6831 0.6326 -0.3651
vn -0.5611 -0.7715 -0.2999
vn -0.7786 0.4696 -0.4162
vn -0.4173 -0.8810 -0.2230
vn -0.8443 0.2890 -0.4513
vn -0.2571 -0.9565 -0.1374
vn -0.8777 0.0975 -0.4691
vn -0.0869 0.9951 -0.0464
vn -0.0869 -0.9951 -0.0464
vn -0.8777 -0.0975 -0.4691
vn -0.2571 0.9565 -0.1374
vn -0.8443 -0.2890 -0.4513
vn -0.7400 0.2890 -0.6073
vn -0.2254 -0.9565 -0.1850
vn -0.7693 0.0975 -0.6314
vn -0.0761 0.9951 -0.0625
vn -0.0761 -0.9951 -0.0625
vn -0.7693 -0.0975 -0.6314
vn -0.2254 0.9565 -0.1850
vn -0.7400 -0.2890 -0.6073
vn -0.3658 0.8810 -0.3002
vn -0.6825 -0.4696 -0.5601
vn -0.4918 0.7715 -0.4036
vn -0.5987 -0.6326 -0.4913
vn -0.5987 0.6326 -0.4913
vn -0.4918 -0.7715 -0.4036
vn -0.6825 0.4696 -0.5601
vn -0.3658 -0.8810 -0.3002
vn -0.5601 -0.4696 -0.6825
vn -0.4036 0.7715 -0.4918
vn -0.4913 -0.6326 -0.5987
vn -0.4913 0.6326 -0.5987
vn -0.4036 -0.7715 -0.4918
vn -0.5601 0.4696 -0.6825
vn -0.3002 -0.8810 -0.3658
vn -0.6073 0.2890 -0.7400
vn -0.1850 -0.9565 -0.2254
vn -0.6314 0.0975 -0.7693
vn -0.0625 0.9951 -0.0761
vn -0.0625 -0.9951 -0.0761
vn -0.6314 -0.0975 -0.7693
vn -0.1850 0.9565 -0.2254
vn -0.6073 -0.2890 -0.7400
vn -0.3002 0.8810 -0.3658
vn -0.1374 -0.9565 -0.2571
vn -0.4691 0.0975 -0.8777
vn -0.0464 0.9951 -0.0869
vn -0.0464 -0.9951 -0.0869
vn -0.4691 -0.0975 -0.8777
vn -0.1374 0.9565 -0.2571
vn -0.4513 -0.2890 -0.8443
vn -0.2230 0.8810 -0.4173
vn -0.4162 -0.4696 -0.7786
vn -0.2999 0.7715 -0.5611
vn -0.3651 -0.6326 -0.6831
vn -0.3651 0.6326 -0.6831
vn -0.2999 -0.7715 -0.5611
vn -0.4162 0.4696 -0.7786
vn -0.2230 -0.8810 -0.4173
vn -0.4513 0.2890 -0.8443
vn -0.1847 0.7715 -0.6088
vn -0.2248 -0.6326 -0.7412
vn -0.2248 0.6326 -0.7412
vn -0.1847 -0.7715 -0.6088
vn -0.2563 0.4696 -0.8448
vn -0.1374 -0.8810 -0.4528
vn -0.2779 0.2890 -0.9161
vn -0.0846 -0.9565 -0.2790
vn -0.2889 0.0975 -0.9524
vn -0.0286 0.9951 -0.0942
vn -0.0286 -0.9951 -0.0942
vn -0.2889 -0.0975 -0.9524
vn -0.0846 0.9565 -0.2790
vn -0.2779 -0.2890 -0.9161
vn -0.1374 0.8810 -0.4528
vn -0.2563 -0.4696 -0.8448
vn -0.0975 0.0975 -0.9904
vn -0.0097 0.9951 -0.0980
vn -0.0097 -0.9951 -0.0980
vn -0.0975 -0.0975 -0.9904
vn -0.0286 0.9565 -0.2902
vn -0.0938 -0.2890 -0.9527
vn -0.0464 0.8810 -0.4709
vn -0.0865 -0.4696 -0.8786
vn -0.0624 0.7715 -0.6332
vn -0.0759 -0.6326 -0.7708
vn -0.0759 0.6326 -0.7708
vn -0.0624 -0.7715 -0.6332
vn -0.0865 0.4696 -0.8786
vn -0.0464 -0.8810 -0.4709
vn -0.0938 0.2890 -0.9527
vn -0.0286 -0.9565 -0.2902
vn 0.0759 -0.6326 -0.7708
vn 0.0759 0.6326 -0.7708
vn 0.0624 -0.7715 -0.6332
vn 0.0865 0.4696 -0.8786
vn 0.0464 -0.8810 -0.4709
vn 0.0938 0.2890 -0.9527
vn 0.0286 -0.9565 -0.2902
vn 0.0976 0.0975 -0.9904
vn 0.0097 0.9951 -0.0980
vn 0.0097 -0.9951 -0.0980
vn 0.0975 -0.0975 -0.9904
vn 0.0286 0.9565 -0.2902
vn 0.0938 -0.2890 -0.9527
vn 0.0464 0.8810 -0.4709
vn 0.0865 -0.4696 -0.8786
vn 0.0624 0.7715 -0.6332
vn 0.0286 -0.9951 -0.0942
vn 0.2889 -0.0975 -0.9524
vn 0.0846 0.9565 -0.2790
vn 0.2779 -0.2890 -0.9161
vn 0.1374 0.8810 -0.4528
vn 0.2563 -0.4696 -0.8448
vn 0.1847 0.7715 -0.6088
vn 0.2248 -0.6326 -0.7412
vn 0.2248 0.6326 -0.7412
vn 0.1847 -0.7715 -0.6088
vn 0.2563 0.4696 -0.8448
vn 0.1374 -0.8810 -0.4528
vn 0.2779 0.2890 -0.9161
vn 0.0846 -0.9565 -0.2790
vn 0.2889 0.0975 -0.9524
vn 0.0286 0.9951 -0.0942
vn 0.2999 -0.7715 -0.5611
vn 0.4162 0.4696 -0.7786
vn 0.2230 -0.8810 -0.4173
vn 0.4513 0.2890 -0.8443
vn 0.1374 -0.9565 -0.2571
vn 0.4691 0.0975 -0.8777
vn 0.0464 0.9951 -0.0869
vn 0.0464 -0.9951 -0.0869
vn 0.4691 -0.0975 -0.8777
vn 0.1374 0.9565 -0.2571
vn 0.4513 -0.2890 -0.8443
vn 0.2230 0.8810 -0.4173
vn 0.4162 -0.4696 -0.7786
vn 0.2999 0.7715 -0.5611
vn 0.3651 -0.6326 -0.6831
vn 0.3651 0.6326 -0.6831
vn 0.1850 0.9565 -0.2254
vn 0.6073 -0.2890 -0.7400
vn 0.3002 0.8810 -0.3658
vn 0.5601 -0.4696 -0.6825
vn 0.4036 0.7715 -0.4918
vn 0.4913 -0.6326 -0.5987
vn 0.4913 0.6326 -0.5987
vn 0.4036 -0.7715 -0.4918
vn 0.5601 0.4696 -0.6825
vn 0.3002 -0.8810 -0.3658
vn 0.6073 0.2890 -0.7400
vn 0.1850 -0.9565 -0.2254
vn 0.6314 0.0975 -0.7693
vn 0.0625 0.9951 -0.0761
vn 0.0625 -0.9951 -0.0761
vn 0.6314 -0.0975 -0.7693
vn 0.6825 0.4696 -0.5601
vn 0.3658 -0.8810 -0.3002
vn 0.7400 0.2890 -0.6073
vn 0.2254 -0.9566 -0.1850
vn 0.7693 0.0975 -0.6314
vn 0.0761 0.9951 -0.0625
vn 0.0761 -0.9951 -0.0625
vn 0.7693 -0.0975 -0.6314
vn 0.2254 0.9565 -0.1850
vn 0.7400 -0.2890 -0.6073
vn 0.3658 0.8810 -0.3002
vn 0.6825 -0.4696 -0.5601
vn 0.4918 0.7715 -0.4036
vn 0.5987 -0.6326 -0.4913
vn 0.5987 0.6326 -0.4913
vn 0.4918 -0.7715 -0.4036
vn 0.8443 -0.2890 -0.4513
vn 0.4173 0.8810 -0.2230
vn 0.7786 -0.4696 -0.4162
vn 0.5611 0.7715 -0.2999
vn 0.6831 -0.6326 -0.3651
vn 0.6831 0.6326 -0.3651
vn 0.5611 -0.7715 -0.2999
vn 0.7786 0.4696 -0.4162
vn 0.4173 -0.8810 -0.2231
vn 0.8443 0.2890 -0.4513
vn 0.2571 -0.9565 -0.1374
vn 0.8777 0.0975 -0.4691
vn 0.0869 0.9951 -0.0464
vn 0.0869 -0.9951 -0.0464
vn 0.8777 -0.0975 -0.4691
vn 0.2571 0.9565 -0.1374
vn 0.4528 -0.8810 -0.1374
vn 0.9161 0.2890 -0.2779
vn 0.2790 -0.9565 -0.0846
vn 0.9524 0.0975 -0.2889
vn 0.0942 0.9951 -0.0286
vn 0.0942 -0.9951 -0.0286
vn 0.9524 -0.0975 -0.2889
vn 0.2790 0.9565 -0.0846
vn 0.9161 -0.2890 -0.2779
vn 0.4528 0.8810 -0.1374
vn 0.8448 -0.4696 -0.2563
vn 0.6088 0.7715 -0.1847
vn 0.7412 -0.6326 -0.2248
vn 0.7412 0.6326 -0.2248
vn 0.6088 -0.7715 -0.1847
vn 0.8448 0.4696 -0.2563
vn 0.4709 0.8810 -0.0464
vn 0.8786 -0.4696 -0.0865
vn 0.6332 0.7715 -0.0624
vn 0.7708 -0.6326 -0.0759
vn 0.7708 0.6326 -0.0759
vn 0.6332 -0.7715 -0.0624
vn 0.8786 0.4696 -0.0865
vn 0.4709 -0.8810 -0.0464
vn 0.9527 0.2890 -0.0938
vn 0.2902 -0.9565 -0.0286
vn 0.9904 0.0975 -0.0975
vn 0.0980 0.9951 -0.0097
vn 0.0980 -0.9951 -0.0097
vn 0.9904 -0.0975 -0.0976
vn 0.2902 0.9565 -0.0286
vn 0.9527 -0.2890 -0.0938
vn 0.9527 0.2890 0.0938
vn 0.2902 -0.9565 0.0286
vn 0.9904 0.0975 0.0975
vn 0.0980 0.9951 0.0097
vn 0.0980 -0.9951 0.0097
vn 0.9904 -0.0975 0.0976
vn 0.2902 0.9565 0.0286
vn 0.9527 -0.2890 0.0938
vn 0.4709 0.8810 0.0464
vn 0.8786 -0.4696 0.0865
vn 0.6332 0.7715 0.0624
vn 0.7708 -0.6326 0.0759
vn 0.7708 0.6326 0.0759
vn 0.6332 -0.7715 0.0624
vn 0.8786 0.4696 0.0865
vn 0.4709 -0.8810 0.0464
vn 0.8448 -0.4696 0.2563
vn 0.6088 0.7715 0.1847
vn 0.7412 -0.6326 0.2248
vn 0.7412 0.6326 0.2248
vn 0.6088 -0.7715 0.1847
vn 0.8448 0.4696 0.2563
vn 0.4528 -0.8810 0.1374
vn 0.9161 0.2890 0.2779
vn 0.2790 -0.9565 0.0846
vn 0.9524 0.0975 0.2889
vn 0.0942 0.9951 0.0286
vn 0.0942 -0.9951 0.0286
vn 0.9524 -0.0975 0.2889
vn 0.2790 0.9565 0.0846
vn 0.9161 -0.2890 0.2779
vn 0.4528 0.8810 0.1374
vn 0.2571 -0.9565 0.1374
vn 0.8777 0.0975 0.4691
vn 0.0869 0.9951 0.0464
vn 0.0869 -0.9951 0.0464
vn 0.8777 -0.0975 0.4691
vn 0.2571 0.9565 0.1374
vn 0.8443 -0.2890 0.4513
vn 0.4173 0.8810 0.2231
vn 0.7786 -0.4696 0.4162
vn 0.5611 0.7715 0.2999
vn 0.6831 -0.6326 0.3651
vn 0.6831 0.6326 0.3651
vn 0.5611 -0.7715 0.2999
vn 0.7786 0.4696 0.4162
vn 0.4173 -0.8810 0.2231
vn 0.8443 0.2890 0.4513
vn 0.5987 -0.6326 0.4913
vn 0.5987 0.6326 0.4913
vn 0.4918 -0.7715 0.4036
vn 0.6825 0.4696 0.5601
vn 0.3658 -0.8810 0.3002
vn 0.7400 0.2890 0.6073
vn 0.2254 -0.9565 0.1850
vn 0.7693 0.0975 0.6314
vn 0.0761 0.9951 0.0625
vn 0.0761 -0.9951 0.0625
vn 0.7693 -0.0975 0.6314
vn 0.2254 0.9565 0.1850
vn 0.7400 -0.2890 0.6073
vn 0.3658 0.8810 0.3002
vn 0.6825 -0.4696 0.5601
vn 0.4918 0.7715 0.4036
vn 0.0625 0.9951 0.0761
vn 0.0625 -0.9951 0.0761
vn 0.6314 -0.0975 0.7693
vn 0.1850 0.9565 0.2254
vn 0.6073 -0.2890 0.7400
vn 0.3002 0.8810 0.3658
vn 0.5601 -0.4696 0.6825
vn 0.4036 0.7715 0.4918
vn 0.4913 -0.6326 0.5987
vn 0.4913 0.6326 0.5987
vn 0.4036 -0.7715 0.4918
vn 0.5601 0.4696 0.6825
vn 0.3002 -0.8810 0.3658
vn 0.6073 0.2890 0.7400
vn 0.1850 -0.9565 0.2254
vn 0.6314 0.0975 0.7693
vn 0.3651 0.6326 0.6831
vn 0.2999 -0.7715 0.5611
vn 0.4162 0.4696 0.7786
vn 0.2230 -0.8810 0.4173
vn 0.4513 0.2890 0.8443
vn 0.1374 -0.9565 0.2571
vn 0.4691 0.0975 0.8777
vn 0.0464 0.9951 0.0869
vn 0.0464 -0.9951 0.0869
vn 0.4691 -0.0975 0.8777
vn 0.1374 0.9565 0.2571
vn 0.4513 -0.2890 0.8443
vn 0.2230 0.8810 0.4173
vn 0.4162 -0.4696 0.7786
vn 0.2999 0.7715 0.5611
vn 0.3651 -0.6326 0.6831
vn 0.2889 -0.0975 0.9524
vn 0.0846 0.9565 0.2790
vn 0.2779 -0.2890 0.9161
vn 0.1374 0.8810 0.4528
vn 0.2563 -0.4696 0.8448
vn 0.1847 0.7715 0.6088
vn 0.2248 -0.6326 0.7412
vn 0.2248 0.6326 0.7412
vn 0.1847 -0.7715 0.6088
vn 0.2563 0.4696 0.8448
vn 0.1374 -0.8810 0.4528
vn 0.2779 0.2890 0.9161
vn 0.0846 -0.9565 0.2790
vn 0.2889 0.0975 0.9524
vn 0.0286 0.9951 0.0942
vn 0.0286 -0.9951 0.0942
vn 0.0624 -0.7715 0.6332
vn 0.0865 0.4696 0.8786
vn 0.0464 -0.8810 0.4709
vn 0.0938 0.2890 0.9527
vn 0.0286 -0.9565 0.2902
vn 0.0976 0.0975 0.9904
vn 0.0097 0.9951 0.0980
vn 0.0097 -0.9951 0.0980
vn 0.0976 -0.0975 0.9904
vn 0.0286 0.9565 0.2902
vn 0.0938 -0.2890 0.9527
vn 0.0464 0.8810 0.4709
vn 0.0865 -0.4696 0.8786
vn 0.0624 0.7715 0.6332
vn 0.0759 -0.6326 0.7708
vn 0.0759 0.6326 0.7708
vn -0.0975 0.0976 0.9904
vn -0.0975 -0.0975 0.9904
vn -0.2230 0.8810 0.4173
vn -0.2231 -0.8810 0.4173
vn -0.2254 -0.9565 0.1850
vn -0.4173 0.8810 -0.2230
vn -0.4173 -0.8810 -0.2231
vn -0.2571 0.9566 -0.1374
vn -0.2231 -0.8810 -0.4173
vn 0.0975 0.0975 -0.9904
vn 0.0976 -0.0975 -0.9904
vn 0.2231 -0.8810 -0.4173
vn 0.2231 0.8810 -0.4173
vn 0.2254 -0.9565 -0.1850
vn 0.4173 -0.8810 -0.2230
vn 0.9904 0.0975 -0.0976
vn 0.9904 -0.0975 -0.0975
vn 0.9904 0.0975 0.0976
vn 0.9904 -0.0975 0.0975
vt 0.750000 0.687500
vt 0.718750 0.750000
vt 0.718750 0.687500
vt 0.750000 0.250000
vt 0.718750 0.187500
vt 0.750000 0.187500
vt 0.750000 0.625000
vt 0.718750 0.625000
vt 0.718750 0.125000
vt 0.750000 0.125000
vt 0.750000 0.562500
vt 0.718750 0.562500
vt 0.718750 0.062500
vt 0.750000 0.062500
vt 0.718750 0.500000
vt 0.750000 0.500000
vt 0.750000 0.937500
vt 0.734375 1.000000
vt 0.718750 0.937500
vt 0.734375 0.000000
vt 0.718750 0.437500
vt 0.750000 0.437500
vt 0.750000 0.875000
vt 0.718750 0.875000
vt 0.718750 0.375000
vt 0.750000 0.375000
vt 0.750000 0.812500
vt 0.718750 0.812500
vt 0.718750 0.312500
vt 0.750000 0.312500
vt 0.750000 0.750000
vt 0.718750 0.250000
vt 0.687500 0.750000
vt 0.687500 0.250000
vt 0.687500 0.687500
vt 0.687500 0.187500
vt 0.687500 0.625000
vt 0.687500 0.125000
vt 0.687500 0.562500
vt 0.687500 0.062500
vt 0.687500 0.500000
vt 0.703125 1.000000
vt 0.687500 0.937500
vt 0.703125 0.000000
vt 0.687500 0.437500
vt 0.687500 0.875000
vt 0.687500 0.375000
vt 0.687500 0.812500
vt 0.687500 0.312500
vt 0.656250 0.500000
vt 0.671875 1.000000
vt 0.656250 0.937500
vt 0.671875 0.000000
vt 0.656250 0.062500
vt 0.656250 0.437500
vt 0.656250 0.875000
vt 0.656250 0.375000
vt 0.656250 0.812500
vt 0.656250 0.312500
vt 0.656250 0.750000
vt 0.656250 0.250000
vt 0.656250 0.687500
vt 0.656250 0.187500
vt 0.656250 0.625000
vt 0.656250 0.125000
vt 0.656250 0.562500
vt 0.625000 0.250000
vt 0.625000 0.687500
vt 0.625000 0.187500
vt 0.625000 0.625000
vt 0.625000 0.125000
vt 0.625000 0.562500
vt 0.625000 0.062500
vt 0.625000 0.500000
vt 0.640625 1.000000
vt 0.625000 0.937500
vt 0.640625 0.000000
vt 0.625000 0.437500
vt 0.625000 0.875000
vt 0.625000 0.375000
vt 0.625000 0.812500
vt 0.625000 0.312500
vt 0.625000 0.750000
vt 0.609375 1.000000
vt 0.593750 0.937500
vt 0.609375 0.000000
vt 0.593750 0.062500
vt 0.593750 0.437500
vt 0.593750 0.875000
vt 0.593750 0.375000
vt 0.593750 0.812500
vt 0.593750 0.312500
vt 0.593750 0.750000
vt 0.593750 0.250000
vt 0.593750 0.687500
vt 0.593750 0.187500
vt 0.593750 0.625000
vt 0.593750 0.125000
vt 0.593750 0.562500
vt 0.593750 0.500000
vt 0.562500 0.750000
vt 0.562500 0.687500
vt 0.562500 0.187500
vt 0.562500 0.625000
vt 0.562500 0.125000
vt 0.562500 0.562500
vt 0.562500 0.062500
vt 0.562500 0.500000
vt 0.578125 1.000000
vt 0.562500 0.937500
vt 0.578125 0.000000
vt 0.562500 0.437500
vt 0.562500 0.875000
vt 0.562500 0.375000
vt 0.562500 0.812500
vt 0.562500 0.312500
vt 0.562500 0.250000
vt 0.531250 0.437500
vt 0.531250 0.937500
vt 0.531250 0.875000
vt 0.531250 0.375000
vt 0.531250 0.812500
vt 0.531250 0.312500
vt 0.531250 0.750000
vt 0.531250 0.250000
vt 0.531250 0.687500
vt 0.531250 0.187500
vt 0.531250 0.625000
vt 0.531250 0.125000
vt 0.531250 0.562500
vt 0.531250 0.062500
vt 0.531250 0.500000
vt 0.546875 1.000000
vt 0.546875 0.000000
vt 0.500000 0.250000
vt 0.500000 0.187500
vt 0.500000 0.625000
vt 0.500000 0.125000
vt 0.500000 0.562500
vt 0.500000 0.062500
vt 0.500000 0.500000
vt 0.515625 1.000000
vt 0.500000 0.937500
vt 0.515625 0.000000
vt 0.500000 0.437500
vt 0.500000 0.875000
vt 0.500000 0.375000
vt 0.500000 0.812500
vt 0.500000 0.312500
vt 0.500000 0.750000
vt 0.500000 0.687500
vt 0.468750 0.375000
vt 0.468750 0.812500
vt 0.468750 0.312500
vt 0.468750 0.750000
vt 0.468750 0.250000
vt 0.468750 0.687500
vt 0.468750 0.187500
vt 0.468750 0.625000
vt 0.468750 0.125000
vt 0.468750 0.562500
vt 0.468750 0.062500
vt 0.468750 0.500000
vt 0.484375 1.000000
vt 0.468750 0.937500
vt 0.484375 0.000000
vt 0.468750 0.437500
vt 0.468750 0.875000
vt 0.437500 0.125000
vt 0.437500 0.625000
vt 0.437500 0.562500
vt 0.437500 0.062500
vt 0.437500 0.500000
vt 0.453125 1.000000
vt 0.437500 0.937500
vt 0.453125 0.000000
vt 0.437500 0.437500
vt 0.437500 0.875000
vt 0.437500 0.375000
vt 0.437500 0.812500
vt 0.437500 0.312500
vt 0.437500 0.750000
vt 0.437500 0.250000
vt 0.437500 0.687500
vt 0.437500 0.187500
vt 0.406250 0.875000
vt 0.406250 0.812500
vt 0.406250 0.375000
vt 0.406250 0.312500
vt 0.406250 0.750000
vt 0.406250 0.250000
vt 0.406250 0.687500
vt 0.406250 0.187500
vt 0.406250 0.625000
vt 0.406250 0.125000
vt 0.406250 0.562500
vt 0.406250 0.062500
vt 0.406250 0.500000
vt 0.421875 1.000000
vt 0.406250 0.937500
vt 0.421875 0.000000
vt 0.406250 0.437500
vt 0.375000 0.625000
vt 0.375000 0.562500
vt 0.375000 0.125000
vt 0.375000 0.062500
vt 0.375000 0.500000
vt 0.390625 1.000000
vt 0.375000 0.937500
vt 0.390625 0.000000
vt 0.375000 0.437500
vt 0.375000 0.875000
vt 0.375000 0.375000
vt 0.375000 0.812500
vt 0.375000 0.312500
vt 0.375000 0.750000
vt 0.375000 0.250000
vt 0.375000 0.687500
vt 0.375000 0.187500
vt 0.343750 0.375000
vt 0.343750 0.312500
vt 0.343750 0.750000
vt 0.343750 0.250000
vt 0.343750 0.687500
vt 0.343750 0.187500
vt 0.343750 0.625000
vt 0.343750 0.125000
vt 0.343750 0.562500
vt 0.343750 0.062500
vt 0.343750 0.500000
vt 0.359375 1.000000
vt 0.343750 0.937500
vt 0.359375 0.000000
vt 0.343750 0.437500
vt 0.343750 0.875000
vt 0.343750 0.812500
vt 0.312500 0.062500
vt 0.312500 0.562500
vt 0.312500 0.500000
vt 0.328125 1.000000
vt 0.312500 0.937500
vt 0.328125 0.000000
vt 0.312500 0.437500
vt 0.312500 0.875000
vt 0.312500 0.375000
vt 0.312500 0.812500
vt 0.312500 0.312500
vt 0.312500 0.750000
vt 0.312500 0.250000
vt 0.312500 0.687500
vt 0.312500 0.187500
vt 0.312500 0.625000
vt 0.312500 0.125000
vt 0.281250 0.750000
vt 0.281250 0.250000
vt 0.281250 0.687500
vt 0.281250 0.187500
vt 0.281250 0.625000
vt 0.281250 0.125000
vt 0.281250 0.562500
vt 0.281250 0.062500
vt 0.281250 0.500000
vt 0.296875 1.000000
vt 0.281250 0.937500
vt 0.296875 0.000000
vt 0.281250 0.437500
vt 0.281250 0.875000
vt 0.281250 0.375000
vt 0.281250 0.812500
vt 0.281250 0.312500
vt 0.250000 0.562500
vt 0.250000 0.500000
vt 0.265625 1.000000
vt 0.250000 0.937500
vt 0.265625 0.000000
vt 0.250000 0.062500
vt 0.250000 0.437500
vt 0.250000 0.875000
vt 0.250000 0.375000
vt 0.250000 0.812500
vt 0.250000 0.312500
vt 0.250000 0.750000
vt 0.250000 0.250000
vt 0.250000 0.687500
vt 0.250000 0.187500
vt 0.250000 0.625000
vt 0.250000 0.125000
vt 0.218750 0.250000
vt 0.218750 0.750000
vt 0.218750 0.687500
vt 0.218750 0.187500
vt 0.218750 0.625000
vt 0.218750 0.125000
vt 0.218750 0.562500
vt 0.218750 0.062500
vt 0.218750 0.500000
vt 0.234375 1.000000
vt 0.218750 0.937500
vt 0.234375 0.000000
vt 0.218750 0.437500
vt 0.218750 0.875000
vt 0.218750 0.375000
vt 0.218750 0.812500
vt 0.218750 0.312500
vt 0.203125 0.000000
vt 0.187500 0.062500
vt 0.187500 0.437500
vt 0.187500 0.937500
vt 0.187500 0.875000
vt 0.187500 0.375000
vt 0.187500 0.812500
vt 0.187500 0.312500
vt 0.187500 0.750000
vt 0.187500 0.250000
vt 0.187500 0.687500
vt 0.187500 0.187500
vt 0.187500 0.625000
vt 0.187500 0.125000
vt 0.187500 0.562500
vt 0.187500 0.500000
vt 0.203125 1.000000
vt 0.156250 0.250000
vt 0.156250 0.187500
vt 0.156250 0.625000
vt 0.156250 0.125000
vt 0.156250 0.562500
vt 0.156250 0.062500
vt 0.156250 0.500000
vt 0.171875 1.000000
vt 0.156250 0.937500
vt 0.171875 0.000000
vt 0.156250 0.437500
vt 0.156250 0.875000
vt 0.156250 0.375000
vt 0.156250 0.812500
vt 0.156250 0.312500
vt 0.156250 0.750000
vt 0.156250 0.687500
vt 0.125000 0.875000
vt 0.125000 0.375000
vt 0.125000 0.812500
vt 0.125000 0.312500
vt 0.125000 0.750000
vt 0.125000 0.250000
vt 0.125000 0.687500
vt 0.125000 0.187500
vt 0.125000 0.625000
vt 0.125000 0.125000
vt 0.125000 0.562500
vt 0.125000 0.062500
vt 0.125000 0.500000
vt 0.140625 1.000000
vt 0.125000 0.937500
vt 0.140625 0.000000
vt 0.125000 0.437500
vt 0.093750 0.625000
vt 0.093750 0.125000
vt 0.093750 0.562500
vt 0.093750 0.062500
vt 0.093750 0.500000
vt 0.109375 1.000000
vt 0.093750 0.937500
vt 0.109375 0.000000
vt 0.093750 0.437500
vt 0.093750 0.875000
vt 0.093750 0.375000
vt 0.093750 0.812500
vt 0.093750 0.312500
vt 0.093750 0.750000
vt 0.093750 0.250000
vt 0.093750 0.687500
vt 0.093750 0.187500
vt 0.062500 0.375000
vt 0.062500 0.812500
vt 0.062500 0.312500
vt 0.062500 0.750000
vt 0.062500 0.250000
vt 0.062500 0.687500
vt 0.062500 0.187500
vt 0.062500 0.625000
vt 0.062500 0.125000
vt 0.062500 0.562500
vt 0.062500 0.062500
vt 0.062500 0.500000
vt 0.078125 1.000000
vt 0.062500 0.937500
vt 0.078125 0.000000
vt 0.062500 0.437500
vt 0.062500 0.875000
vt 0.031250 0.125000
vt 0.031250 0.625000
vt 0.031250 0.562500
vt 0.031250 0.062500
vt 0.031250 0.500000
vt 0.046875 1.000000
vt 0.031250 0.937500
vt 0.046875 0.000000
vt 0.031250 0.437500
vt 0.031250 0.875000
vt 0.031250 0.375000
vt 0.031250 0.812500
vt 0.031250 0.312500
vt 0.031250 0.750000
vt 0.031250 0.250000
vt 0.031250 0.687500
vt 0.031250 0.187500
vt 0.000000 0.875000
vt 0.000000 0.812500
vt 0.000000 0.375000
vt 0.000000 0.312500
vt 0.000000 0.750000
vt 0.000000 0.250000
vt 0.000000 0.687500
vt 0.000000 0.187500
vt 0.000000 0.625000
vt 0.000000 0.125000
vt 0.000000 0.562500
vt 0.000000 0.062500
vt 0.000000 0.500000
vt 0.015625 1.000000
vt 0.000000 0.937500
vt 0.015625 0.000000
vt 0.000000 0.437500
vt 1.000000 0.562500
vt 0.968750 0.625000
vt 0.968750 0.562500
vt 1.000000 0.125000
vt 0.968750 0.062500
vt 1.000000 0.062500
vt 1.000000 0.500000
vt 0.968750 0.500000
vt 1.000000 0.937500
vt 0.984375 1.000000
vt 0.968750 0.937500
vt 0.984375 0.000000
vt 0.968750 0.437500
vt 1.000000 0.437500
vt 0.968750 0.875000
vt 1.000000 0.875000
vt 0.968750 0.375000
vt 1.000000 0.375000
vt 1.000000 0.812500
vt 0.968750 0.812500
vt 1.000000 0.312500
vt 0.968750 0.312500
vt 0.968750 0.750000
vt 1.000000 0.750000
vt 0.968750 0.250000
vt 1.000000 0.250000
vt 1.000000 0.687500
vt 0.968750 0.687500
vt 1.000000 0.187500
vt 0.968750 0.187500
vt 1.000000 0.625000
vt 0.968750 0.125000
vt 0.937500 0.375000
vt 0.937500 0.312500
vt 0.937500 0.750000
vt 0.937500 0.250000
vt 0.937500 0.687500
vt 0.937500 0.187500
vt 0.937500 0.625000
vt 0.937500 0.125000
vt 0.937500 0.562500
vt 0.937500 0.062500
vt 0.937500 0.500000
vt 0.953125 1.000000
vt 0.937500 0.937500
vt 0.953125 0.000000
vt 0.937500 0.437500
vt 0.937500 0.875000
vt 0.937500 0.812500
vt 0.906250 0.062500
vt 0.906250 0.562500
vt 0.906250 0.500000
vt 0.921875 1.000000
vt 0.906250 0.937500
vt 0.921875 0.000000
vt 0.906250 0.437500
vt 0.906250 0.875000
vt 0.906250 0.375000
vt 0.906250 0.812500
vt 0.906250 0.312500
vt 0.906250 0.750000
vt 0.906250 0.250000
vt 0.906250 0.687500
vt 0.906250 0.187500
vt 0.906250 0.625000
vt 0.906250 0.125000
vt 0.875000 0.250000
vt 0.875000 0.750000
vt 0.875000 0.687500
vt 0.875000 0.187500
vt 0.875000 0.625000
vt 0.875000 0.125000
vt 0.875000 0.562500
vt 0.875000 0.062500
vt 0.875000 0.500000
vt 0.890625 1.000000
vt 0.875000 0.937500
vt 0.890625 0.000000
vt 0.875000 0.437500
vt 0.875000 0.875000
vt 0.875000 0.375000
vt 0.875000 0.812500
vt 0.875000 0.312500
vt 0.859375 1.000000
vt 0.843750 0.937500
vt 0.859375 0.000000
vt 0.843750 0.062500
vt 0.843750 0.437500
vt 0.843750 0.875000
vt 0.843750 0.375000
vt 0.843750 0.812500
vt 0.843750 0.312500
vt 0.843750 0.750000
vt 0.843750 0.250000
vt 0.843750 0.687500
vt 0.843750 0.187500
vt 0.843750 0.625000
vt 0.843750 0.125000
vt 0.843750 0.562500
vt 0.843750 0.500000
vt 0.812500 0.750000
vt 0.812500 0.687500
vt 0.812500 0.250000
vt 0.812500 0.187500
vt 0.812500 0.625000
vt 0.812500 0.125000
vt 0.812500 0.562500
vt 0.812500 0.062500
vt 0.812500 0.500000
vt 0.828125 1.000000
vt 0.812500 0.937500
vt 0.828125 0.000000
vt 0.812500 0.437500
vt 0.812500 0.875000
vt 0.812500 0.375000
vt 0.812500 0.812500
vt 0.812500 0.312500
vt 0.781250 0.437500
vt 0.781250 0.875000
vt 0.781250 0.375000
vt 0.781250 0.812500
vt 0.781250 0.312500
vt 0.781250 0.750000
vt 0.781250 0.250000
vt 0.781250 0.687500
vt 0.781250 0.187500
vt 0.781250 0.625000
vt 0.781250 0.125000
vt 0.781250 0.562500
vt 0.781250 0.062500
vt 0.781250 0.500000
vt 0.796875 1.000000
vt 0.781250 0.937500
vt 0.796875 0.000000
vt 0.765625 1.000000
vt 0.765625 0.000000
s 0
f 484/560/531 492/561/531 493/562/531
f 961/563/532 501/564/532 962/565/532
f 959/566/533 493/562/533 494/567/533
f 962/565/534 502/568/534 963/569/534
f 485/570/535 494/567/535 495/571/535
f 963/569/536 503/572/536 964/573/536
f 485/570/537 496/574/537 486/575/537
f 956/576/538 564/577/538 489/578/538
f 790/579/539 964/573/539 503/572/539
f 486/575/540 497/580/540 487/581/540
f 957/582/541 489/578/541 490/583/541
f 487/581/542 498/584/542 960/585/542
f 483/586/543 490/583/543 491/587/543
f 960/585/544 499/588/544 488/589/544
f 958/590/545 491/587/545 492/561/545
f 488/589/546 500/591/546 961/563/546
f 491/587/547 507/592/547 492/561/547
f 499/588/548 515/593/548 500/591/548
f 492/561/549 508/594/549 493/562/549
f 501/564/550 515/593/550 516/595/550
f 493/562/551 509/596/551 494/567/551
f 502/568/552 516/595/552 517/597/552
f 495/571/553 509/596/553 510/598/553
f 502/568/554 518/599/554 503/572/554
f 495/571/555 511/600/555 496/574/555
f 489/578/556 564/601/556 504/602/556
f 790/603/557 503/572/557 518/599/557
f 496/574/558 512/604/558 497/580/558
f 489/578/559 505/605/559 490/583/559
f 497/580/560 513/606/560 498/584/560
f 490/583/561 506/607/561 491/587/561
f 498/584/562 514/608/562 499/588/562
f 510/598/563 526/609/563 511/600/563
f 504/602/564 564/610/564 519/611/564
f 790/612/565 518/599/565 533/613/565
f 512/604/566 526/609/566 527/614/566
f 504/602/567 520/615/567 505/605/567
f 512/604/568 528/616/568 513/606/568
f 505/605/569 521/617/569 506/607/569
f 514/608/570 528/616/570 529/618/570
f 506/607/571 522/619/571 507/592/571
f 515/593/572 529/618/572 530/620/572
f 507/592/573 523/621/573 508/594/573
f 516/595/574 530/620/574 531/622/574
f 508/594/575 524/623/575 509/596/575
f 516/595/576 532/624/576 517/597/576
f 509/596/577 525/625/577 510/598/577
f 517/597/578 533/613/578 518/599/578
f 529/618/579 545/626/579 530/620/579
f 522/619/580 538/627/580 523/621/580
f 530/620/581 546/628/581 531/622/581
f 523/621/582 539/629/582 524/623/582
f 531/622/583 547/630/583 532/624/583
f 525/625/584 539/629/584 540/631/584
f 532/624/585 548/632/585 533/613/585
f 526/609/586 540/631/586 541/633/586
f 519/611/587 564/634/587 534/635/587
f 790/636/588 533/613/588 548/632/588
f 526/609/589 542/637/589 527/614/589
f 519/611/590 535/638/590 520/615/590
f 527/614/591 543/639/591 528/616/591
f 520/615/592 536/640/592 521/617/592
f 529/618/593 543/639/593 544/641/593
f 521/617/594 537/642/594 522/619/594
f 534/635/595 564/643/595 549/644/595
f 790/645/596 548/632/596 563/646/596
f 541/633/597 557/647/597 542/637/597
f 534/635/598 550/648/598 535/638/598
f 542/637/599 558/649/599 543/639/599
f 535/638/600 551/650/600 536/640/600
f 544/641/601 558/649/601 559/651/601
f 536/640/602 552/652/602 537/642/602
f 544/641/603 560/653/603 545/626/603
f 538/627/604 552/652/604 553/654/604
f 545/626/605 561/655/605 546/628/605
f 538/627/606 554/656/606 539/629/606
f 547/630/607 561/655/607 562/657/607
f 540/631/608 554/656/608 555/658/608
f 547/630/609 563/646/609 548/632/609
f 541/633/610 555/658/610 556/659/610
f 553/654/611 568/660/611 569/661/611
f 560/653/612 577/662/612 561/655/612
f 553/654/613 570/663/613 554/656/613
f 561/655/614 578/664/614 562/657/614
f 555/658/615 570/663/615 571/665/615
f 563/646/616 578/664/616 579/666/616
f 556/659/617 571/665/617 572/667/617
f 549/644/618 564/668/618 565/669/618
f 790/670/619 563/646/619 579/666/619
f 556/659/620 573/671/620 557/647/620
f 549/644/621 566/672/621 550/648/621
f 557/647/622 574/673/622 558/649/622
f 550/648/623 567/674/623 551/650/623
f 559/651/624 574/673/624 575/675/624
f 551/650/625 568/660/625 552/652/625
f 559/651/626 576/676/626 560/653/626
f 572/667/627 588/677/627 573/671/627
f 566/672/628 580/678/628 581/679/628
f 573/671/629 589/680/629 574/673/629
f 566/672/630 582/681/630 567/674/630
f 575/675/631 589/680/631 590/682/631
f 567/674/632 583/683/632 568/660/632
f 575/675/633 591/684/633 576/676/633
f 569/661/634 583/683/634 584/685/634
f 577/662/635 591/684/635 592/686/635
f 569/661/636 585/687/636 570/663/636
f 578/664/637 592/686/637 593/688/637
f 571/665/638 585/687/638 586/689/638
f 578/664/639 594/690/639 579/666/639
f 572/667/640 586/689/640 587/691/640
f 565/669/641 564/692/641 580/678/641
f 790/693/642 579/666/642 594/690/642
f 592/686/643 606/694/643 607/695/643
f 584/685/644 600/696/644 585/687/644
f 592/686/645 608/697/645 593/688/645
f 586/689/646 600/696/646 601/698/646
f 593/688/647 609/699/647 594/690/647
f 587/691/648 601/698/648 602/700/648
f 580/678/649 564/701/649 595/702/649
f 790/703/650 594/690/650 609/699/650
f 587/691/651 603/704/651 588/677/651
f 581/679/652 595/702/652 596/705/652
f 588/677/653 604/706/653 589/680/653
f 581/679/654 597/707/654 582/681/654
f 590/682/655 604/706/655 605/708/655
f 582/681/656 598/709/656 583/683/656
f 590/682/657 606/694/657 591/684/657
f 584/685/658 598/709/658 599/710/658
f 603/704/659 619/711/659 604/706/659
f 596/705/660 612/712/660 597/707/660
f 605/708/661 619/711/661 620/713/661
f 597/707/662 613/714/662 598/709/662
f 605/708/663 621/715/663 606/694/663
f 599/710/664 613/714/664 614/716/664
f 607/695/665 621/715/665 622/717/665
f 599/710/666 615/718/666 600/696/666
f 607/695/667 623/719/667 608/697/667
f 601/698/668 615/718/668 616/720/668
f 608/697/669 624/721/669 609/699/669
f 602/700/670 616/720/670 617/722/670
f 595/702/671 564/723/671 610/724/671
f 790/725/672 609/699/672 624/721/672
f 602/700/673 618/726/673 603/704/673
f 595/702/674 611/727/674 596/705/674
f 622/717/675 638/728/675 623/719/675
f 616/720/676 630/729/676 631/730/676
f 624/721/677 638/728/677 639/731/677
f 617/722/678 631/730/678 632/732/678
f 610/724/679 564/733/679 625/734/679
f 790/735/680 624/721/680 639/731/680
f 617/722/681 633/736/681 618/726/681
f 610/724/682 626/737/682 611/727/682
f 618/726/683 634/738/683 619/711/683
f 612/712/684 626/737/684 627/739/684
f 620/713/685 634/738/685 635/740/685
f 612/712/686 628/741/686 613/714/686
f 620/713/687 636/742/687 621/715/687
f 614/716/688 628/741/688 629/743/688
f 622/717/689 636/742/689 637/744/689
f 614/716/690 630/729/690 615/718/690
f 627/739/691 641/745/691 642/746/691
f 635/740/692 649/747/692 650/748/692
f 627/739/693 643/749/693 628/741/693
f 635/740/694 651/750/694 636/742/694
f 629/743/695 643/749/695 644/751/695
f 637/744/696 651/750/696 652/752/696
f 629/743/697 645/753/697 630/729/697
f 637/744/698 653/754/698 638/728/698
f 631/730/699 645/753/699 646/755/699
f 638/728/700 654/756/700 639/731/700
f 632/732/701 646/755/701 647/757/701
f 625/734/702 564/758/702 640/759/702
f 790/760/703 639/731/703 654/756/703
f 632/732/704 648/761/704 633/736/704
f 625/734/705 641/745/705 626/737/705
f 633/736/706 649/747/706 634/738/706
f 646/755/707 660/762/707 661/763/707
f 654/756/708 668/764/708 669/765/708
f 647/757/709 661/763/709 662/766/709
f 640/759/710 564/767/710 655/768/710
f 790/769/711 654/756/711 669/765/711
f 647/757/712 663/770/712 648/761/712
f 640/759/713 656/771/713 641/745/713
f 648/761/714 664/772/714 649/747/714
f 641/745/715 657/773/715 642/746/715
f 650/748/716 664/772/716 665/774/716
f 642/746/717 658/775/717 643/749/717
f 650/748/718 666/776/718 651/750/718
f 644/751/719 658/775/719 659/777/719
f 651/750/720 667/778/720 652/752/720
f 644/751/721 660/762/721 645/753/721
f 653/754/722 667/778/722 668/764/722
f 665/774/723 679/779/723 680/780/723
f 657/773/724 673/781/724 658/775/724
f 665/774/725 681/782/725 666/776/725
f 659/777/726 673/781/726 674/783/726
f 667/778/727 681/782/727 682/784/727
f 659/777/728 675/785/728 660/762/728
f 667/778/729 683/786/729 668/764/729
f 661/763/730 675/785/730 676/787/730
f 668/764/731 684/788/731 669/765/731
f 662/766/732 676/787/732 677/789/732
f 655/768/733 564/790/733 670/791/733
f 790/792/734 669/765/734 684/788/734
f 662/766/735 678/793/735 663/770/735
f 656/771/736 670/791/736 671/794/736
f 663/770/737 679/779/737 664/772/737
f 657/773/738 671/794/738 672/795/738
f 683/786/739 699/796/739 684/788/739
f 677/789/740 691/797/740 692/798/740
f 670/791/741 564/799/741 685/800/741
f 790/801/742 684/788/742 699/796/742
f 677/789/743 693/802/743 678/793/743
f 670/791/744 686/803/744 671/794/744
f 678/793/745 694/804/745 679/779/745
f 671/794/746 687/805/746 672/795/746
f 680/780/747 694/804/747 695/806/747
f 672/795/748 688/807/748 673/781/748
f 680/780/749 696/808/749 681/782/749
f 674/783/750 688/807/750 689/809/750
f 682/784/751 696/808/751 697/810/751
f 674/783/752 690/811/752 675/785/752
f 682/784/753 698/812/753 683/786/753
f 676/787/754 690/811/754 691/797/754
f 687/805/755 703/813/755 688/807/755
f 695/806/756 711/814/756 696/808/756
f 689/809/757 703/813/757 704/815/757
f 697/810/758 711/814/758 712/816/758
f 689/809/759 705/817/759 690/811/759
f 697/810/760 713/818/760 698/812/760
f 691/797/761 705/817/761 706/819/761
f 698/812/762 714/820/762 699/796/762
f 692/798/763 706/819/763 707/821/763
f 685/800/764 564/822/764 700/823/764
f 790/824/765 699/796/765 714/820/765
f 692/798/766 708/825/766 693/802/766
f 685/800/767 701/826/767 686/803/767
f 693/802/768 709/827/768 694/804/768
f 686/803/769 702/828/769 687/805/769
f 695/806/770 709/827/770 710/829/770
f 707/821/771 721/830/771 722/831/771
f 700/823/772 564/832/772 715/833/772
f 790/834/773 714/820/773 729/835/773
f 707/821/774 723/836/774 708/825/774
f 700/823/775 716/837/775 701/826/775
f 708/825/776 724/838/776 709/827/776
f 702/828/777 716/837/777 717/839/777
f 710/829/778 724/838/778 725/840/778
f 702/828/779 718/841/779 703/813/779
f 710/829/780 726/842/780 711/814/780
f 704/815/781 718/841/781 719/843/781
f 712/816/782 726/842/782 727/844/782
f 704/815/783 720/845/783 705/817/783
f 712/816/784 728/846/784 713/818/784
f 706/819/785 720/845/785 721/830/785
f 714/820/786 728/846/786 729/835/786
f 725/840/787 741/847/787 726/842/787
f 719/843/788 733/848/788 734/849/788
f 727/844/789 741/847/789 742/850/789
f 719/843/790 735/851/790 720/845/790
f 727/844/791 743/852/791 728/846/791
f 721/830/792 735/851/792 736/853/792
f 728/846/793 744/854/793 729/835/793
f 722/831/794 736/853/794 737/855/794
f 715/833/795 564/856/795 730/857/795
f 790/858/796 729/835/796 744/854/796
f 722/831/797 738/859/797 723/836/797
f 715/833/798 731/860/798 716/837/798
f 723/836/799 739/861/799 724/838/799
f 716/837/800 732/862/800 717/839/800
f 725/840/801 739/861/801 740/863/801
f 717/839/802 733/848/802 718/841/802
f 790/864/803 744/854/803 759/865/803
f 737/855/804 753/866/804 738/859/804
f 731/860/805 745/867/805 746/868/805
f 738/859/806 754/869/806 739/861/806
f 731/860/807 747/870/807 732/862/807
f 740/863/808 754/869/808 755/871/808
f 732/862/809 748/872/809 733/848/809
f 740/863/810 756/873/810 741/847/810
f 734/849/811 748/872/811 749/874/811
f 742/850/812 756/873/812 757/875/812
f 734/849/813 750/876/813 735/851/813
f 742/850/814 758/877/814 743/852/814
f 736/853/815 750/876/815 751/878/815
f 743/852/816 759/865/816 744/854/816
f 737/855/817 751/878/817 752/879/817
f 730/857/818 564/880/818 745/867/818
f 757/875/819 771/881/819 772/882/819
f 749/874/820 765/883/820 750/876/820
f 757/875/821 773/884/821 758/877/821
f 751/878/822 765/883/822 766/885/822
f 759/865/823 773/884/823 774/886/823
f 752/879/824 766/885/824 767/887/824
f 745/867/825 564/888/825 760/889/825
f 790/890/826 759/865/826 774/886/826
f 752/879/827 768/891/827 753/866/827
f 746/868/828 760/889/828 761/892/828
f 753/866/829 769/893/829 754/869/829
f 746/868/830 762/894/830 747/870/830
f 755/871/831 769/893/831 770/895/831
f 747/870/832 763/896/832 748/872/832
f 755/871/833 771/881/833 756/873/833
f 749/874/834 763/896/834 764/897/834
f 760/889/835 776/898/835 761/892/835
f 768/891/836 784/899/836 769/893/836
f 761/892/837 777/900/837 762/894/837
f 770/895/838 784/899/838 785/901/838
f 762/894/839 778/902/839 763/896/839
f 770/895/840 786/903/840 771/881/840
f 764/897/841 778/902/841 779/904/841
f 772/882/842 786/903/842 787/905/842
f 764/897/843 780/906/843 765/883/843
f 772/882/844 788/907/844 773/884/844
f 766/885/845 780/906/845 781/908/845
f 774/886/846 788/907/846 789/909/846
f 767/887/847 781/908/847 782/910/847
f 760/889/848 564/911/848 775/912/848
f 790/913/849 774/886/849 789/909/849
f 767/887/850 783/914/850 768/891/850
f 779/904/851 796/915/851 780/906/851
f 787/905/852 804/916/852 788/907/852
f 781/908/853 796/915/853 797/917/853
f 788/907/854 805/918/854 789/909/854
f 782/910/855 797/917/855 798/919/855
f 775/912/856 564/920/856 791/921/856
f 790/922/857 789/909/857 805/918/857
f 782/910/858 799/923/858 783/914/858
f 775/912/859 792/924/859 776/898/859
f 783/914/860 800/925/860 784/899/860
f 776/898/861 793/926/861 777/900/861
f 785/901/862 800/925/862 801/927/862
f 777/900/863 794/928/863 778/902/863
f 785/901/864 802/929/864 786/903/864
f 779/904/865 794/928/865 795/930/865
f 787/905/866 802/929/866 803/931/866
f 799/923/867 815/932/867 800/925/867
f 792/924/868 808/933/868 793/926/868
f 801/927/869 815/932/869 816/934/869
f 793/926/870 809/935/870 794/928/870
f 801/927/871 817/936/871 802/929/871
f 794/928/872 810/937/872 795/930/872
f 803/931/873 817/936/873 818/938/873
f 795/930/874 811/939/874 796/915/874
f 803/931/875 819/940/875 804/916/875
f 797/917/876 811/939/876 812/941/876
f 804/916/877 820/942/877 805/918/877
f 798/919/878 812/941/878 813/943/878
f 791/921/879 564/944/879 806/945/879
f 790/946/880 805/918/880 820/942/880
f 798/919/881 814/947/881 799/923/881
f 791/921/882 807/948/882 792/924/882
f 818/938/883 834/949/883 819/940/883
f 812/941/884 826/950/884 827/951/884
f 819/940/885 835/952/885 820/942/885
f 813/943/886 827/951/886 828/953/886
f 806/945/887 564/954/887 821/955/887
f 790/956/888 820/942/888 835/952/888
f 813/943/889 829/957/889 814/947/889
f 806/945/890 822/958/890 807/948/890
f 814/947/891 830/959/891 815/932/891
f 807/948/892 823/960/892 808/933/892
f 816/934/893 830/959/893 831/961/893
f 808/933/894 824/962/894 809/935/894
f 816/934/895 832/963/895 817/936/895
f 810/937/896 824/962/896 825/964/896
f 818/938/897 832/963/897 833/965/897
f 810/937/898 826/950/898 811/939/898
f 823/960/899 837/966/899 838/967/899
f 831/961/900 845/968/900 846/969/900
f 823/960/901 839/970/901 824/962/901
f 831/961/902 847/971/902 832/963/902
f 825/964/903 839/970/903 840/972/903
f 833/965/904 847/971/904 848/973/904
f 825/964/905 841/974/905 826/950/905
f 833/965/906 849/975/906 834/949/906
f 827/951/907 841/974/907 842/976/907
f 834/949/908 850/977/908 835/952/908
f 828/953/909 842/976/909 843/978/909
f 821/955/910 564/979/910 836/980/910
f 790/981/911 835/952/911 850/977/911
f 828/953/912 844/982/912 829/957/912
f 821/955/913 837/966/913 822/958/913
f 829/957/914 845/968/914 830/959/914
f 842/983/915 856/984/915 857/985/915
f 849/986/916 865/987/916 850/988/916
f 843/989/917 857/985/917 858/990/917
f 836/991/918 564/992/918 851/993/918
f 790/994/919 850/988/919 865/987/919
f 843/989/920 859/995/920 844/996/920
f 836/991/921 852/997/921 837/998/921
f 844/996/922 860/999/922 845/1000/922
f 838/1001/923 852/997/923 853/1002/923
f 846/1003/924 860/999/924 861/1004/924
f 838/1001/925 854/1005/925 839/1006/925
f 846/1003/926 862/1007/926 847/1008/926
f 840/1009/927 854/1005/927 855/1010/927
f 848/1011/928 862/1007/928 863/1012/928
f 840/1009/929 856/984/929 841/1013/929
f 848/1011/930 864/1014/930 849/986/930
f 861/1004/931 875/1015/931 876/1016/931
f 853/1002/932 869/1017/932 854/1005/932
f 861/1004/933 877/1018/933 862/1007/933
f 855/1010/934 869/1017/934 870/1019/934
f 863/1012/935 877/1018/935 878/1020/935
f 855/1010/936 871/1021/936 856/984/936
f 863/1012/937 879/1022/937 864/1014/937
f 857/985/938 871/1021/938 872/1023/938
f 864/1014/939 880/1024/939 865/987/939
f 858/990/940 872/1023/940 873/1025/940
f 851/993/941 564/1026/941 866/1027/941
f 790/1028/942 865/987/942 880/1024/942
f 858/990/943 874/1029/943 859/995/943
f 851/993/944 867/1030/944 852/997/944
f 859/995/945 875/1015/945 860/999/945
f 853/1002/946 867/1030/946 868/1031/946
f 879/1022/947 895/1032/947 880/1024/947
f 873/1025/948 887/1033/948 888/1034/948
f 866/1027/949 564/1035/949 881/1036/949
f 790/1037/950 880/1024/950 895/1032/950
f 873/1025/951 889/1038/951 874/1029/951
f 867/1030/952 881/1036/952 882/1039/952
f 874/1029/953 890/1040/953 875/1015/953
f 867/1030/954 883/1041/954 868/1031/954
f 876/1016/955 890/1040/955 891/1042/955
f 868/1031/956 884/1043/956 869/1017/956
f 876/1016/957 892/1044/957 877/1018/957
f 870/1019/958 884/1043/958 885/1045/958
f 878/1020/959 892/1044/959 893/1046/959
f 870/1019/960 886/1047/960 871/1021/960
f 879/1022/961 893/1046/961 894/1048/961
f 872/1023/962 886/1047/962 887/1033/962
f 891/1042/963 907/1049/963 892/1044/963
f 885/1045/964 899/1050/964 900/1051/964
f 893/1046/965 907/1049/965 908/1052/965
f 885/1045/966 901/1053/966 886/1047/966
f 893/1046/967 909/1054/967 894/1048/967
f 887/1033/968 901/1053/968 902/1055/968
f 894/1048/969 910/1056/969 895/1032/969
f 888/1034/970 902/1055/970 903/1057/970
f 881/1036/971 564/1058/971 896/1059/971
f 790/1060/972 895/1032/972 910/1056/972
f 888/1034/973 904/1061/973 889/1038/973
f 881/1036/974 897/1062/974 882/1039/974
f 889/1038/975 905/1063/975 890/1040/975
f 883/1041/976 897/1062/976 898/1064/976
f 891/1042/977 905/1063/977 906/1065/977
f 883/1041/978 899/1050/978 884/1043/978
f 896/1059/979 564/1066/979 911/1067/979
f 790/1068/980 910/1056/980 925/1069/980
f 903/1057/981 919/1070/981 904/1061/981
f 896/1059/982 912/1071/982 897/1062/982
f 904/1061/983 920/1072/983 905/1063/983
f 898/1064/984 912/1071/984 913/1073/984
f 906/1065/985 920/1072/985 921/1074/985
f 898/1064/986 914/1075/986 899/1050/986
f 906/1065/987 922/1076/987 907/1049/987
f 900/1051/988 914/1075/988 915/1077/988
f 908/1052/989 922/1076/989 923/1078/989
f 900/1051/990 916/1079/990 901/1053/990
f 908/1052/991 924/1080/991 909/1054/991
f 902/1055/992 916/1079/992 917/1081/992
f 909/1054/993 925/1069/993 910/1056/993
f 903/1057/994 917/1081/994 918/1082/994
f 915/1077/995 929/1083/995 930/1084/995
f 923/1078/996 937/1085/996 938/1086/996
f 915/1077/997 931/1087/997 916/1079/997
f 923/1078/998 939/1088/998 924/1080/998
f 917/1081/999 931/1087/999 932/1089/999
f 924/1080/1000 940/1090/1000 925/1069/1000
f 918/1082/1001 932/1089/1001 933/1091/1001
f 911/1067/1002 564/1092/1002 926/1093/1002
f 790/1094/1003 925/1069/1003 940/1090/1003
f 918/1082/1004 934/1095/1004 919/1070/1004
f 912/1071/1005 926/1093/1005 927/1096/1005
f 919/1070/1006 935/1097/1006 920/1072/1006
f 912/1071/1007 928/1098/1007 913/1073/1007
f 921/1074/1008 935/1097/1008 936/1099/1008
f 913/1073/1009 929/1083/1009 914/1075/1009
f 921/1074/1010 937/1085/1010 922/1076/1010
f 933/1091/1011 949/1100/1011 934/1095/1011
f 926/1093/1012 942/1101/1012 927/1096/1012
f 934/1095/1013 950/1102/1013 935/1097/1013
f 928/1098/1014 942/1101/1014 943/1103/1014
f 936/1099/1015 950/1102/1015 951/1104/1015
f 928/1098/1016 944/1105/1016 929/1083/1016
f 936/1099/1017 952/1106/1017 937/1085/1017
f 930/1084/1018 944/1105/1018 945/1107/1018
f 938/1086/1019 952/1106/1019 953/1108/1019
f 930/1084/1020 946/1109/1020 931/1087/1020
f 938/1086/1021 954/1110/1021 939/1088/1021
f 932/1089/1022 946/1109/1022 947/1111/1022
f 940/1090/1023 954/1110/1023 955/1112/1023
f 933/1091/1024 947/1111/1024 948/1113/1024
f 926/1093/1025 564/1114/1025 941/1115/1025
f 790/1116/1026 940/1090/1026 955/1112/1026
f 953/1108/1027 961/563/1027 962/565/1027
f 946/1109/1028 484/560/1028 959/566/1028
f 953/1108/1029 963/569/1029 954/1110/1029
f 947/1111/1030 959/566/1030 485/570/1030
f 954/1110/1031 964/573/1031 955/1112/1031
f 948/1113/1032 485/570/1032 486/575/1032
f 941/1115/1033 564/1117/1033 956/576/1033
f 790/1118/1034 955/1112/1034 964/573/1034
f 948/1113/1035 487/581/1035 949/1100/1035
f 942/1101/1036 956/576/1036 957/582/1036
f 949/1100/1037 960/585/1037 950/1102/1037
f 943/1103/1038 957/582/1038 483/586/1038
f 950/1102/1039 488/589/1039 951/1104/1039
f 944/1105/1040 483/586/1040 958/590/1040
f 951/1104/1041 961/563/1041 952/1106/1041
f 945/1107/1042 958/590/1042 484/560/1042
f 484/560/531 958/590/531 492/561/531
f 961/563/532 500/591/532 501/564/532
f 959/566/533 484/560/533 493/562/533
f 962/565/534 501/564/534 502/568/534
f 485/570/535 959/566/535 494/567/535
f 963/569/536 502/568/536 503/572/536
f 485/570/1043 495/571/1043 496/574/1043
f 486/575/1044 496/574/1044 497/580/1044
f 957/582/541 956/576/541 489/578/541
f 487/581/542 497/580/542 498/584/542
f 483/586/543 957/582/543 490/583/543
f 960/585/544 498/584/544 499/588/544
f 958/590/545 483/586/545 491/587/545
f 488/589/546 499/588/546 500/591/546
f 491/587/547 506/607/547 507/592/547
f 499/588/548 514/608/548 515/593/548
f 492/561/549 507/592/549 508/594/549
f 501/564/550 500/591/550 515/593/550
f 493/562/551 508/594/551 509/596/551
f 502/568/552 501/564/552 516/595/552
f 495/571/553 494/567/553 509/596/553
f 502/568/554 517/597/554 518/599/554
f 495/571/555 510/598/555 511/600/555
f 496/574/558 511/600/558 512/604/558
f 489/578/559 504/602/559 505/605/559
f 497/580/560 512/604/560 513/606/560
f 490/583/561 505/605/561 506/607/561
f 498/584/562 513/606/562 514/608/562
f 510/598/563 525/625/563 526/609/563
f 512/604/566 511/600/566 526/609/566
f 504/602/567 519/611/567 520/615/567
f 512/604/568 527/614/568 528/616/568
f 505/605/1045 520/615/1045 521/617/1045
f 514/608/570 513/606/570 528/616/570
f 506/607/571 521/617/571 522/619/571
f 515/593/572 514/608/572 529/618/572
f 507/592/573 522/619/573 523/621/573
f 516/595/574 515/593/574 530/620/574
f 508/594/575 523/621/575 524/623/575
f 516/595/1046 531/622/1046 532/624/1046
f 509/596/577 524/623/577 525/625/577
f 517/597/578 532/624/578 533/613/578
f 529/618/579 544/641/579 545/626/579
f 522/619/580 537/642/580 538/627/580
f 530/620/581 545/626/581 546/628/581
f 523/621/582 538/627/582 539/629/582
f 531/622/583 546/628/583 547/630/583
f 525/625/584 524/623/584 539/629/584
f 532/624/585 547/630/585 548/632/585
f 526/609/586 525/625/586 540/631/586
f 526/609/589 541/633/589 542/637/589
f 519/611/590 534/635/590 535/638/590
f 527/614/591 542/637/591 543/639/591
f 520/615/592 535/638/592 536/640/592
f 529/618/593 528/616/593 543/639/593
f 521/617/594 536/640/594 537/642/594
f 541/633/597 556/659/597 557/647/597
f 534/635/598 549/644/598 550/648/598
f 542/637/599 557/647/599 558/649/599
f 535/638/600 550/648/600 551/650/600
f 544/641/601 543/639/601 558/649/601
f 536/640/602 551/650/602 552/652/602
f 544/641/603 559/651/603 560/653/603
f 538/627/604 537/642/604 552/652/604
f 545/626/605 560/653/605 561/655/605
f 538/627/606 553/654/606 554/656/606
f 547/630/607 546/628/607 561/655/607
f 540/631/608 539/629/608 554/656/608
f 547/630/1047 562/657/1047 563/646/1047
f 541/633/610 540/631/610 555/658/610
f 553/654/611 552/652/611 568/660/611
f 560/653/612 576/676/612 577/662/612
f 553/654/613 569/661/613 570/663/613
f 561/655/614 577/662/614 578/664/614
f 555/658/615 554/656/615 570/663/615
f 563/646/616 562/657/616 578/664/616
f 556/659/617 555/658/617 571/665/617
f 556/659/620 572/667/620 573/671/620
f 549/644/621 565/669/621 566/672/621
f 557/647/622 573/671/622 574/673/622
f 550/648/623 566/672/623 567/674/623
f 559/651/624 558/649/624 574/673/624
f 551/650/625 567/674/625 568/660/625
f 559/651/626 575/675/626 576/676/626
f 572/667/627 587/691/627 588/677/627
f 566/672/628 565/669/628 580/678/628
f 573/671/629 588/677/629 589/680/629
f 566/672/630 581/679/630 582/681/630
f 575/675/631 574/673/631 589/680/631
f 567/674/632 582/681/632 583/683/632
f 575/675/633 590/682/633 591/684/633
f 569/661/634 568/660/634 583/683/634
f 577/662/635 576/676/635 591/684/635
f 569/661/636 584/685/636 585/687/636
f 578/664/637 577/662/637 592/686/637
f 571/665/638 570/663/638 585/687/638
f 578/664/639 593/688/639 594/690/639
f 572/667/640 571/665/640 586/689/640
f 592/686/643 591/684/643 606/694/643
f 584/685/644 599/710/644 600/696/644
f 592/686/645 607/695/645 608/697/645
f 586/689/646 585/687/646 600/696/646
f 593/688/647 608/697/647 609/699/647
f 587/691/648 586/689/648 601/698/648
f 587/691/651 602/700/651 603/704/651
f 581/679/652 580/678/652 595/702/652
f 588/677/653 603/704/653 604/706/653
f 581/679/654 596/705/654 597/707/654
f 590/682/655 589/680/655 604/706/655
f 582/681/656 597/707/656 598/709/656
f 590/682/657 605/708/657 606/694/657
f 584/685/658 583/683/658 598/709/658
f 603/704/659 618/726/659 619/711/659
f 596/705/660 611/727/660 612/712/660
f 605/708/661 604/706/661 619/711/661
f 597/707/662 612/712/662 613/714/662
f 605/708/663 620/713/663 621/715/663
f 599/710/664 598/709/664 613/714/664
f 607/695/665 606/694/665 621/715/665
f 599/710/666 614/716/666 615/718/666
f 607/695/667 622/717/667 623/719/667
f 601/698/668 600/696/668 615/718/668
f 608/697/669 623/719/669 624/721/669
f 602/700/670 601/698/670 616/720/670
f 602/700/673 617/722/673 618/726/673
f 595/702/674 610/724/674 611/727/674
f 622/717/675 637/744/675 638/728/675
f 616/720/676 615/718/676 630/729/676
f 624/721/677 623/719/677 638/728/677
f 617/722/678 616/720/678 631/730/678
f 617/722/681 632/732/681 633/736/681
f 610/724/682 625/734/682 626/737/682
f 618/726/683 633/736/683 634/738/683
f 612/712/684 611/727/684 626/737/684
f 620/713/685 619/711/685 634/738/685
f 612/712/686 627/739/686 628/741/686
f 620/713/687 635/740/687 636/742/687
f 614/716/688 613/714/688 628/741/688
f 622/717/689 621/715/689 636/742/689
f 614/716/690 629/743/690 630/729/690
f 627/739/1048 626/737/1048 641/745/1048
f 635/740/692 634/738/692 649/747/692
f 627/739/693 642/746/693 643/749/693
f 635/740/694 650/748/694 651/750/694
f 629/743/695 628/741/695 643/749/695
f 637/744/696 636/742/696 651/750/696
f 629/743/697 644/751/697 645/753/697
f 637/744/1049 652/752/1049 653/754/1049
f 631/730/699 630/729/699 645/753/699
f 638/728/700 653/754/700 654/756/700
f 632/732/701 631/730/701 646/755/701
f 632/732/704 647/757/704 648/761/704
f 625/734/1050 640/759/1050 641/745/1050
f 633/736/706 648/761/706 649/747/706
f 646/755/707 645/753/707 660/762/707
f 654/756/708 653/754/708 668/764/708
f 647/757/709 646/755/709 661/763/709
f 647/757/712 662/766/712 663/770/712
f 640/759/713 655/768/713 656/771/713
f 648/761/714 663/770/714 664/772/714
f 641/745/715 656/771/715 657/773/715
f 650/748/716 649/747/716 664/772/716
f 642/746/717 657/773/717 658/775/717
f 650/748/718 665/774/718 666/776/718
f 644/751/719 643/749/719 658/775/719
f 651/750/720 666/776/720 667/778/720
f 644/751/721 659/777/721 660/762/721
f 653/754/722 652/752/722 667/778/722
f 665/774/723 664/772/723 679/779/723
f 657/773/724 672/795/724 673/781/724
f 665/774/725 680/780/725 681/782/725
f 659/777/726 658/775/726 673/781/726
f 667/778/727 666/776/727 681/782/727
f 659/777/728 674/783/728 675/785/728
f 667/778/729 682/784/729 683/786/729
f 661/763/730 660/762/730 675/785/730
f 668/764/731 683/786/731 684/788/731
f 662/766/732 661/763/732 676/787/732
f 662/766/735 677/789/735 678/793/735
f 656/771/736 655/768/736 670/791/736
f 663/770/737 678/793/737 679/779/737
f 657/773/738 656/771/738 671/794/738
f 683/786/739 698/812/739 699/796/739
f 677/789/740 676/787/740 691/797/740
f 677/789/743 692/798/743 693/802/743
f 670/791/744 685/800/744 686/803/744
f 678/793/745 693/802/745 694/804/745
f 671/794/746 686/803/746 687/805/746
f 680/780/747 679/779/747 694/804/747
f 672/795/748 687/805/748 688/807/748
f 680/780/749 695/806/749 696/808/749
f 674/783/750 673/781/750 688/807/750
f 682/784/751 681/782/751 696/808/751
f 674/783/752 689/809/752 690/811/752
f 682/784/1051 697/810/1051 698/812/1051
f 676/787/754 675/785/754 690/811/754
f 687/805/755 702/828/755 703/813/755
f 695/806/756 710/829/756 711/814/756
f 689/809/757 688/807/757 703/813/757
f 697/810/758 696/808/758 711/814/758
f 689/809/759 704/815/759 705/817/759
f 697/810/760 712/816/760 713/818/760
f 691/797/761 690/811/761 705/817/761
f 698/812/762 713/818/762 714/820/762
f 692/798/763 691/797/763 706/819/763
f 692/798/766 707/821/766 708/825/766
f 685/800/767 700/823/767 701/826/767
f 693/802/768 708/825/768 709/827/768
f 686/803/769 701/826/769 702/828/769
f 695/806/770 694/804/770 709/827/770
f 707/821/771 706/819/771 721/830/771
f 707/821/774 722/831/774 723/836/774
f 700/823/775 715/833/775 716/837/775
f 708/825/776 723/836/776 724/838/776
f 702/828/777 701/826/777 716/837/777
f 710/829/778 709/827/778 724/838/778
f 702/828/779 717/839/779 718/841/779
f 710/829/780 725/840/780 726/842/780
f 704/815/781 703/813/781 718/841/781
f 712/816/782 711/814/782 726/842/782
f 704/815/783 719/843/783 720/845/783
f 712/816/784 727/844/784 728/846/784
f 706/819/785 705/817/785 720/845/785
f 714/820/786 713/818/786 728/846/786
f 725/840/787 740/863/787 741/847/787
f 719/843/788 718/841/788 733/848/788
f 727/844/789 726/842/789 741/847/789
f 719/843/790 734/849/790 735/851/790
f 727/844/791 742/850/791 743/852/791
f 721/830/792 720/845/792 735/851/792
f 728/846/793 743/852/793 744/854/793
f 722/831/1052 721/830/1052 736/853/1052
f 722/831/1053 737/855/1053 738/859/1053
f 715/833/798 730/857/798 731/860/798
f 723/836/799 738/859/799 739/861/799
f 716/837/800 731/860/800 732/862/800
f 725/840/801 724/838/801 739/861/801
f 717/839/802 732/862/802 733/848/802
f 737/855/804 752/879/804 753/866/804
f 731/860/805 730/857/805 745/867/805
f 738/859/806 753/866/806 754/869/806
f 731/860/807 746/868/807 747/870/807
f 740/863/808 739/861/808 754/869/808
f 732/862/809 747/870/809 748/872/809
f 740/863/810 755/871/810 756/873/810
f 734/849/811 733/848/811 748/872/811
f 742/850/812 741/847/812 756/873/812
f 734/849/813 749/874/813 750/876/813
f 742/850/814 757/875/814 758/877/814
f 736/853/815 735/851/815 750/876/815
f 743/852/816 758/877/816 759/865/816
f 737/855/817 736/853/817 751/878/817
f 757/875/819 756/873/819 771/881/819
f 749/874/820 764/897/820 765/883/820
f 757/875/1054 772/882/1054 773/884/1054
f 751/878/822 750/876/822 765/883/822
f 759/865/823 758/877/823 773/884/823
f 752/879/824 751/878/824 766/885/824
f 752/879/827 767/887/827 768/891/827
f 746/868/828 745/867/828 760/889/828
f 753/866/829 768/891/829 769/893/829
f 746/868/1055 761/892/1055 762/894/1055
f 755/871/831 754/869/831 769/893/831
f 747/870/832 762/894/832 763/896/832
f 755/871/833 770/895/833 771/881/833
f 749/874/834 748/872/834 763/896/834
f 760/889/835 775/912/835 776/898/835
f 768/891/836 783/914/836 784/899/836
f 761/892/837 776/898/837 777/900/837
f 770/895/838 769/893/838 784/899/838
f 762/894/839 777/900/839 778/902/839
f 770/895/840 785/901/840 786/903/840
f 764/897/841 763/896/841 778/902/841
f 772/882/842 771/881/842 786/903/842
f 764/897/843 779/904/843 780/906/843
f 772/882/844 787/905/844 788/907/844
f 766/885/845 765/883/845 780/906/845
f 774/886/846 773/884/846 788/907/846
f 767/887/847 766/885/847 781/908/847
f 767/887/850 782/910/850 783/914/850
f 779/904/851 795/930/851 796/915/851
f 787/905/852 803/931/852 804/916/852
f 781/908/853 780/906/853 796/915/853
f 788/907/1056 804/916/1056 805/918/1056
f 782/910/855 781/908/855 797/917/855
f 782/910/858 798/919/858 799/923/858
f 775/912/859 791/921/859 792/924/859
f 783/914/860 799/923/860 800/925/860
f 776/898/861 792/924/861 793/926/861
f 785/901/862 784/899/862 800/925/862
f 777/900/863 793/926/863 794/928/863
f 785/901/864 801/927/864 802/929/864
f 779/904/865 778/902/865 794/928/865
f 787/905/866 786/903/866 802/929/866
f 799/923/867 814/947/867 815/932/867
f 792/924/868 807/948/868 808/933/868
f 801/927/869 800/925/869 815/932/869
f 793/926/870 808/933/870 809/935/870
f 801/927/871 816/934/871 817/936/871
f 794/928/872 809/935/872 810/937/872
f 803/931/873 802/929/873 817/936/873
f 795/930/874 810/937/874 811/939/874
f 803/931/1057 818/938/1057 819/940/1057
f 797/917/876 796/915/876 811/939/876
f 804/916/877 819/940/877 820/942/877
f 798/919/878 797/917/878 812/941/878
f 798/919/881 813/943/881 814/947/881
f 791/921/882 806/945/882 807/948/882
f 818/938/883 833/965/883 834/949/883
f 812/941/884 811/939/884 826/950/884
f 819/940/885 834/949/885 835/952/885
f 813/943/886 812/941/886 827/951/886
f 813/943/889 828/953/889 829/957/889
f 806/945/890 821/955/890 822/958/890
f 814/947/891 829/957/891 830/959/891
f 807/948/892 822/958/892 823/960/892
f 816/934/893 815/932/893 830/959/893
f 808/933/894 823/960/894 824/962/894
f 816/934/895 831/961/895 832/963/895
f 810/937/896 809/935/896 824/962/896
f 818/938/897 817/936/897 832/963/897
f 810/937/898 825/964/898 826/950/898
f 823/960/899 822/958/899 837/966/899
f 831/961/900 830/959/900 845/968/900
f 823/960/901 838/967/901 839/970/901
f 831/961/902 846/969/902 847/971/902
f 825/964/903 824/962/903 839/970/903
f 833/965/904 832/963/904 847/971/904
f 825/964/905 840/972/905 841/974/905
f 833/965/906 848/973/906 849/975/906
f 827/951/907 826/950/907 841/974/907
f 834/949/908 849/975/908 850/977/908
f 828/953/1058 827/951/1058 842/976/1058
f 828/953/1059 843/978/1059 844/982/1059
f 821/955/913 836/980/913 837/966/913
f 829/957/914 844/982/914 845/968/914
f 842/983/915 841/1013/915 856/984/915
f 849/986/916 864/1014/916 865/987/916
f 843/989/1060 842/983/1060 857/985/1060
f 843/989/1061 858/990/1061 859/995/1061
f 836/991/921 851/993/921 852/997/921
f 844/996/922 859/995/922 860/999/922
f 838/1001/923 837/998/923 852/997/923
f 846/1003/924 845/1000/924 860/999/924
f 838/1001/925 853/1002/925 854/1005/925
f 846/1003/926 861/1004/926 862/1007/926
f 840/1009/927 839/1006/927 854/1005/927
f 848/1011/928 847/1008/928 862/1007/928
f 840/1009/929 855/1010/929 856/984/929
f 848/1011/930 863/1012/930 864/1014/930
f 861/1004/931 860/999/931 875/1015/931
f 853/1002/932 868/1031/932 869/1017/932
f 861/1004/933 876/1016/933 877/1018/933
f 855/1010/934 854/1005/934 869/1017/934
f 863/1012/935 862/1007/935 877/1018/935
f 855/1010/936 870/1019/936 871/1021/936
f 863/1012/937 878/1020/937 879/1022/937
f 857/985/938 856/984/938 871/1021/938
f 864/1014/939 879/1022/939 880/1024/939
f 858/990/940 857/985/940 872/1023/940
f 858/990/943 873/1025/943 874/1029/943
f 851/993/944 866/1027/944 867/1030/944
f 859/995/945 874/1029/945 875/1015/945
f 853/1002/946 852/997/946 867/1030/946
f 879/1022/947 894/1048/947 895/1032/947
f 873/1025/948 872/1023/948 887/1033/948
f 873/1025/951 888/1034/951 889/1038/951
f 867/1030/952 866/1027/952 881/1036/952
f 874/1029/953 889/1038/953 890/1040/953
f 867/1030/954 882/1039/954 883/1041/954
f 876/1016/955 875/1015/955 890/1040/955
f 868/1031/956 883/1041/956 884/1043/956
f 876/1016/957 891/1042/957 892/1044/957
f 870/1019/958 869/1017/958 884/1043/958
f 878/1020/959 877/1018/959 892/1044/959
f 870/1019/960 885/1045/960 886/1047/960
f 879/1022/961 878/1020/961 893/1046/961
f 872/1023/962 871/1021/962 886/1047/962
f 891/1042/963 906/1065/963 907/1049/963
f 885/1045/964 884/1043/964 899/1050/964
f 893/1046/965 892/1044/965 907/1049/965
f 885/1045/966 900/1051/966 901/1053/966
f 893/1046/967 908/1052/967 909/1054/967
f 887/1033/968 886/1047/968 901/1053/968
f 894/1048/969 909/1054/969 910/1056/969
f 888/1034/970 887/1033/970 902/1055/970
f 888/1034/973 903/1057/973 904/1061/973
f 881/1036/974 896/1059/974 897/1062/974
f 889/1038/975 904/1061/975 905/1063/975
f 883/1041/976 882/1039/976 897/1062/976
f 891/1042/977 890/1040/977 905/1063/977
f 883/1041/978 898/1064/978 899/1050/978
f 903/1057/981 918/1082/981 919/1070/981
f 896/1059/982 911/1067/982 912/1071/982
f 904/1061/983 919/1070/983 920/1072/983
f 898/1064/984 897/1062/984 912/1071/984
f 906/1065/985 905/1063/985 920/1072/985
f 898/1064/986 913/1073/986 914/1075/986
f 906/1065/987 921/1074/987 922/1076/987
f 900/1051/988 899/1050/988 914/1075/988
f 908/1052/989 907/1049/989 922/1076/989
f 900/1051/990 915/1077/990 916/1079/990
f 908/1052/991 923/1078/991 924/1080/991
f 902/1055/992 901/1053/992 916/1079/992
f 909/1054/993 924/1080/993 925/1069/993
f 903/1057/994 902/1055/994 917/1081/994
f 915/1077/995 914/1075/995 929/1083/995
f 923/1078/996 922/1076/996 937/1085/996
f 915/1077/997 930/1084/997 931/1087/997
f 923/1078/998 938/1086/998 939/1088/998
f 917/1081/999 916/1079/999 931/1087/999
f 924/1080/1000 939/1088/1000 940/1090/1000
f 918/1082/1001 917/1081/1001 932/1089/1001
f 918/1082/1004 933/1091/1004 934/1095/1004
f 912/1071/1005 911/1067/1005 926/1093/1005
f 919/1070/1006 934/1095/1006 935/1097/1006
f 912/1071/1007 927/1096/1007 928/1098/1007
f 921/1074/1008 920/1072/1008 935/1097/1008
f 913/1073/1009 928/1098/1009 929/1083/1009
f 921/1074/1010 936/1099/1010 937/1085/1010
f 933/1091/1011 948/1113/1011 949/1100/1011
f 926/1093/1012 941/1115/1012 942/1101/1012
f 934/1095/1013 949/1100/1013 950/1102/1013
f 928/1098/1014 927/1096/1014 942/1101/1014
f 936/1099/1015 935/1097/1015 950/1102/1015
f 928/1098/1016 943/1103/1016 944/1105/1016
f 936/1099/1017 951/1104/1017 952/1106/1017
f 930/1084/1018 929/1083/1018 944/1105/1018
f 938/1086/1019 937/1085/1019 952/1106/1019
f 930/1084/1020 945/1107/1020 946/1109/1020
f 938/1086/1021 953/1108/1021 954/1110/1021
f 932/1089/1022 931/1087/1022 946/1109/1022
f 940/1090/1023 939/1088/1023 954/1110/1023
f 933/1091/1024 932/1089/1024 947/1111/1024
f 953/1108/1027 952/1106/1027 961/563/1027
f 946/1109/1028 945/1107/1028 484/560/1028
f 953/1108/1029 962/565/1029 963/569/1029
f 947/1111/1030 946/1109/1030 959/566/1030
f 954/1110/1031 963/569/1031 964/573/1031
f 948/1113/1032 947/1111/1032 485/570/1032
f 948/1113/1035 486/575/1035 487/581/1035
f 942/1101/1036 941/1115/1036 956/576/1036
f 949/1100/1037 487/581/1037 960/585/1037
f 943/1103/1038 942/1101/1038 957/582/1038
f 950/1102/1039 960/585/1039 488/589/1039
f 944/1105/1040 943/1103/1040 483/586/1040
f 951/1104/1041 488/589/1041 961/563/1041
f 945/1107/1042 944/1105/1042 958/590/1042
o 球.002
v -0.400000 0.583147 0.855557
v -0.400000 0.555557 0.883147
v -0.400000 0.519509 0.898079
v -0.400000 0.500000 0.900000
v -0.400000 0.480491 0.898079
v -0.400000 0.444443 0.883147
v -0.403806 0.598079 0.819134
v -0.407466 0.592388 0.837533
v -0.410839 0.583147 0.854490
v -0.413795 0.570711 0.869352
v -0.416221 0.555557 0.881549
v -0.418024 0.538268 0.890613
v -0.419134 0.519509 0.896194
v -0.419509 0.500000 0.898079
v -0.419134 0.480491 0.896194
v -0.418024 0.461732 0.890613
v -0.416221 0.444443 0.881549
v -0.413795 0.429289 0.869352
v -0.410839 0.416853 0.854490
v -0.407466 0.407612 0.837533
v -0.403806 0.401921 0.819134
v -0.407466 0.598079 0.818024
v -0.414645 0.592388 0.835355
v -0.421261 0.583147 0.851328
v -0.427060 0.570711 0.865328
v -0.431819 0.555557 0.876818
v -0.435355 0.538268 0.885355
v -0.437533 0.519509 0.890613
v -0.438268 0.500000 0.892388
v -0.437533 0.480491 0.890613
v -0.435355 0.461732 0.885355
v -0.431819 0.444443 0.876818
v -0.427060 0.429289 0.865328
v -0.421261 0.416853 0.851328
v -0.414645 0.407612 0.835355
v -0.407466 0.401921 0.818024
v -0.410839 0.598079 0.816221
v -0.421261 0.592388 0.831819
v -0.430866 0.583147 0.846194
v -0.439285 0.570711 0.858794
v -0.446194 0.555557 0.869134
v -0.451328 0.538268 0.876818
v -0.454490 0.519509 0.881549
v -0.455557 0.500000 0.883147
v -0.454490 0.480491 0.881549
v -0.451328 0.461732 0.876818
v -0.446194 0.444443 0.869134
v -0.439285 0.429289 0.858794
v -0.430866 0.416853 0.846194
v -0.421261 0.407612 0.831819
v -0.410839 0.401921 0.816221
v -0.413795 0.598079 0.813795
v -0.427060 0.592388 0.827060
v -0.439285 0.583147 0.839285
v -0.450000 0.570711 0.850000
v -0.458794 0.555557 0.858794
v -0.465328 0.538268 0.865328
v -0.469352 0.519509 0.869352
v -0.470711 0.500000 0.870711
v -0.469352 0.480491 0.869352
v -0.465328 0.461732 0.865328
v -0.458794 0.444443 0.858794
v -0.450000 0.429289 0.850000
v -0.439285 0.416853 0.839285
v -0.427060 0.407612 0.827060
v -0.413795 0.401921 0.813795
v -0.416221 0.598079 0.810839
v -0.431819 0.592388 0.821261
v -0.446194 0.583147 0.830866
v -0.458794 0.570711 0.839285
v -0.469134 0.555557 0.846194
v -0.476818 0.538268 0.851328
v -0.481549 0.519509 0.854490
v -0.483147 0.500000 0.855557
v -0.481549 0.480491 0.854490
v -0.476818 0.461732 0.851328
v -0.469134 0.444443 0.846194
v -0.458794 0.429289 0.839285
v -0.446194 0.416853 0.830866
v -0.431819 0.407612 0.821261
v -0.416221 0.401921 0.810839
v -0.400000 0.600000 0.800000
v -0.418024 0.598079 0.807466
v -0.435355 0.592388 0.814645
v -0.451328 0.583147 0.821261
v -0.465328 0.570711 0.827060
v -0.476818 0.555557 0.831819
v -0.485355 0.538268 0.835355
v -0.490613 0.519509 0.837533
v -0.492388 0.500000 0.838268
v -0.490613 0.480491 0.837533
v -0.485355 0.461732 0.835355
v -0.476818 0.444443 0.831819
v -0.465328 0.429289 0.827060
v -0.451328 0.416853 0.821261
v -0.435355 0.407612 0.814645
v -0.418024 0.401921 0.807466
v -0.419134 0.598079 0.803806
v -0.437533 0.592388 0.807466
v -0.454489 0.583147 0.810839
v -0.469352 0.570711 0.813795
v -0.481549 0.555557 0.816221
v -0.490613 0.538268 0.818024
v -0.496194 0.519509 0.819134
v -0.498079 0.500000 0.819509
v -0.496194 0.480491 0.819134
v -0.490613 0.461732 0.818024
v -0.481549 0.444443 0.816221
v -0.469352 0.429289 0.813795
v -0.454489 0.416853 0.810839
v -0.437533 0.407612 0.807466
v -0.419134 0.401921 0.803806
v -0.419509 0.598079 0.800000
v -0.438268 0.592388 0.800000
v -0.455557 0.583147 0.800000
v -0.470711 0.570711 0.800000
v -0.483147 0.555557 0.800000
v -0.492388 0.538268 0.800000
v -0.498079 0.519509 0.800000
v -0.500000 0.500000 0.800000
v -0.498079 0.480491 0.800000
v -0.492388 0.461732 0.800000
v -0.483147 0.444443 0.800000
v -0.470711 0.429289 0.800000
v -0.455557 0.416853 0.800000
v -0.438268 0.407612 0.800000
v -0.419509 0.401921 0.800000
v -0.419134 0.598079 0.796194
v -0.437533 0.592388 0.792534
v -0.454489 0.583147 0.789161
v -0.469352 0.570711 0.786205
v -0.481549 0.555557 0.783779
v -0.490613 0.538268 0.781976
v -0.496194 0.519509 0.780866
v -0.498078 0.500000 0.780491
v -0.496194 0.480491 0.780866
v -0.490613 0.461732 0.781976
v -0.481549 0.444443 0.783779
v -0.469352 0.429289 0.786205
v -0.454489 0.416853 0.789161
v -0.437533 0.407612 0.792534
v -0.419134 0.401921 0.796194
v -0.418024 0.598079 0.792534
v -0.435355 0.592388 0.785355
v -0.451328 0.583147 0.778739
v -0.465328 0.570711 0.772940
v -0.476818 0.555557 0.768181
v -0.485355 0.538268 0.764645
v -0.490613 0.519509 0.762467
v -0.492388 0.500000 0.761732
v -0.490613 0.480491 0.762467
v -0.485355 0.461732 0.764645
v -0.476818 0.444443 0.768181
v -0.465328 0.429289 0.772940
v -0.451328 0.416853 0.778739
v -0.435355 0.407612 0.785355
v -0.418024 0.401921 0.792534
v -0.416221 0.598079 0.789161
v -0.431819 0.592388 0.778739
v -0.446194 0.583147 0.769134
v -0.458794 0.570711 0.760715
v -0.469134 0.555557 0.753806
v -0.476818 0.538268 0.748672
v -0.481549 0.519509 0.745511
v -0.483147 0.500000 0.744443
v -0.481549 0.480491 0.745511
v -0.476818 0.461732 0.748672
v -0.469134 0.444443 0.753806
v -0.458794 0.429289 0.760715
v -0.446194 0.416853 0.769134
v -0.431819 0.407612 0.778739
v -0.416221 0.401921 0.789161
v -0.413795 0.598079 0.786205
v -0.427060 0.592388 0.772940
v -0.439285 0.583147 0.760715
v -0.450000 0.570711 0.750000
v -0.458794 0.555557 0.741206
v -0.465328 0.538268 0.734672
v -0.469352 0.519509 0.730648
v -0.470711 0.500000 0.729289
v -0.469352 0.480491 0.730648
v -0.465328 0.461732 0.734672
v -0.458794 0.444443 0.741206
v -0.450000 0.429289 0.750000
v -0.439285 0.416853 0.760715
v -0.427060 0.407612 0.772940
v -0.413795 0.401921 0.786205
v -0.410839 0.598079 0.783779
v -0.421261 0.592388 0.768181
v -0.430866 0.583147 0.753806
v -0.439285 0.570711 0.741206
v -0.446194 0.555557 0.730866
v -0.451328 0.538268 0.723182
v -0.454489 0.519509 0.718451
v -0.455557 0.500000 0.716853
v -0.454489 0.480491 0.718451
v -0.451328 0.461732 0.723182
v -0.446194 0.444443 0.730866
v -0.439285 0.429289 0.741206
v -0.430866 0.416853 0.753806
v -0.421261 0.407612 0.768181
v -0.410839 0.401921 0.783779
v -0.407466 0.598079 0.781976
v -0.414645 0.592388 0.764645
v -0.421261 0.583147 0.748672
v -0.427060 0.570711 0.734672
v -0.431819 0.555557 0.723182
v -0.435355 0.538268 0.714645
v -0.437533 0.519509 0.709387
v -0.438268 0.500000 0.707612
v -0.437533 0.480491 0.709387
v -0.435355 0.461732 0.714645
v -0.431819 0.444443 0.723182
v -0.427060 0.429289 0.734672
v -0.421261 0.416853 0.748672
v -0.414645 0.407612 0.764645
v -0.407466 0.401921 0.781976
v -0.403806 0.598079 0.780866
v -0.407466 0.592388 0.762467
v -0.410839 0.583147 0.745511
v -0.413795 0.570711 0.730648
v -0.416221 0.555557 0.718451
v -0.418024 0.538268 0.709387
v -0.419134 0.519509 0.703806
v -0.419509 0.500000 0.701922
v -0.419134 0.480491 0.703806
v -0.418024 0.461732 0.709387
v -0.416221 0.444443 0.718451
v -0.413795 0.429289 0.730648
v -0.410839 0.416853 0.745511
v -0.407466 0.407612 0.762467
v -0.403806 0.401921 0.780866
v -0.400000 0.598079 0.780491
v -0.400000 0.592388 0.761732
v -0.400000 0.583147 0.744443
v -0.400000 0.570711 0.729289
v -0.400000 0.555557 0.716853
v -0.400000 0.538268 0.707612
v -0.400000 0.519509 0.701922
v -0.400000 0.500000 0.700000
v -0.400000 0.480491 0.701922
v -0.400000 0.461732 0.707612
v -0.400000 0.444443 0.716853
v -0.400000 0.429289 0.729289
v -0.400000 0.416853 0.744443
v -0.400000 0.407612 0.761732
v -0.400000 0.401921 0.780491
v -0.396194 0.598079 0.780866
v -0.392534 0.592388 0.762467
v -0.389161 0.583147 0.745511
v -0.386205 0.570711 0.730648
v -0.383779 0.555557 0.718451
v -0.381976 0.538268 0.709387
v -0.380866 0.519509 0.703806
v -0.380491 0.500000 0.701922
v -0.380866 0.480491 0.703806
v -0.381976 0.461732 0.709387
v -0.383779 0.444443 0.718451
v -0.386205 0.429289 0.730648
v -0.389161 0.416853 0.745511
v -0.392534 0.407612 0.762467
v -0.396194 0.401921 0.780866
v -0.392534 0.598079 0.781976
v -0.385355 0.592388 0.764645
v -0.378739 0.583147 0.748672
v -0.372940 0.570711 0.734672
v -0.368181 0.555557 0.723182
v -0.364645 0.538268 0.714645
v -0.362467 0.519509 0.709387
v -0.361732 0.500000 0.707612
v -0.362467 0.480491 0.709387
v -0.364645 0.461732 0.714645
v -0.368181 0.444443 0.723182
v -0.372940 0.429289 0.734672
v -0.378739 0.416853 0.748672
v -0.385355 0.407612 0.764645
v -0.392534 0.401921 0.781976
v -0.389161 0.598079 0.783779
v -0.378739 0.592388 0.768181
v -0.369134 0.583147 0.753806
v -0.360715 0.570711 0.741206
v -0.353806 0.555557 0.730866
v -0.348672 0.538268 0.723182
v -0.345511 0.519509 0.718451
v -0.344443 0.500000 0.716853
v -0.345511 0.480491 0.718451
v -0.348672 0.461732 0.723182
v -0.353806 0.444443 0.730866
v -0.360715 0.429289 0.741206
v -0.369134 0.416853 0.753806
v -0.378739 0.407612 0.768181
v -0.389161 0.401921 0.783779
v -0.386205 0.598079 0.786205
v -0.372940 0.592388 0.772940
v -0.360715 0.583147 0.760715
v -0.350000 0.570711 0.750000
v -0.341206 0.555557 0.741206
v -0.334672 0.538268 0.734672
v -0.330648 0.519509 0.730648
v -0.329289 0.500000 0.729289
v -0.330648 0.480491 0.730648
v -0.334672 0.461732 0.734672
v -0.341206 0.444443 0.741206
v -0.350000 0.429289 0.750000
v -0.360715 0.416853 0.760715
v -0.372940 0.407612 0.772940
v -0.386205 0.401921 0.786205
v -0.400000 0.400000 0.800000
v -0.383779 0.598079 0.789161
v -0.368181 0.592388 0.778739
v -0.353806 0.583147 0.769134
v -0.341206 0.570711 0.760715
v -0.330866 0.555557 0.753806
v -0.323182 0.538268 0.748672
v -0.318451 0.519509 0.745511
v -0.316853 0.500000 0.744443
v -0.318451 0.480491 0.745511
v -0.323182 0.461732 0.748672
v -0.330866 0.444443 0.753806
v -0.341206 0.429289 0.760715
v -0.353806 0.416853 0.769134
v -0.368181 0.407612 0.778739
v -0.383779 0.401921 0.789161
v -0.381976 0.598079 0.792534
v -0.364645 0.592388 0.785355
v -0.348672 0.583147 0.778739
v -0.334672 0.570711 0.772940
v -0.323182 0.555557 0.768181
v -0.314645 0.538268 0.764645
v -0.309387 0.519509 0.762467
v -0.307612 0.500000 0.761732
v -0.309387 0.480491 0.762467
v -0.314645 0.461732 0.764645
v -0.323182 0.444443 0.768181
v -0.334672 0.429289 0.772940
v -0.348672 0.416853 0.778739
v -0.364645 0.407612 0.785355
v -0.381976 0.401921 0.792534
v -0.380866 0.598079 0.796194
v -0.362467 0.592388 0.792534
v -0.345511 0.583147 0.789161
v -0.330648 0.570711 0.786205
v -0.318451 0.555557 0.783779
v -0.309387 0.538268 0.781976
v -0.303806 0.519509 0.780866
v -0.301922 0.500000 0.780491
v -0.303806 0.480491 0.780866
v -0.309387 0.461732 0.781976
v -0.318451 0.444443 0.783779
v -0.330648 0.429289 0.786205
v -0.345511 0.416853 0.789161
v -0.362467 0.407612 0.792534
v -0.380866 0.401921 0.796194
v -0.380491 0.598079 0.800000
v -0.361732 0.592388 0.800000
v -0.344443 0.583147 0.800000
v -0.329289 0.570711 0.800000
v -0.316853 0.555557 0.800000
v -0.307612 0.538268 0.800000
v -0.301922 0.519509 0.800000
v -0.300000 0.500000 0.800000
v -0.301922 0.480491 0.800000
v -0.307612 0.461732 0.800000
v -0.316853 0.444443 0.800000
v -0.329289 0.429289 0.800000
v -0.344443 0.416853 0.800000
v -0.361732 0.407612 0.800000
v -0.380491 0.401921 0.800000
v -0.380866 0.598079 0.803806
v -0.362467 0.592388 0.807466
v -0.345511 0.583147 0.810839
v -0.330648 0.570711 0.813795
v -0.318451 0.555557 0.816221
v -0.309387 0.538268 0.818024
v -0.303806 0.519509 0.819134
v -0.301922 0.500000 0.819509
v -0.303806 0.480491 0.819134
v -0.309387 0.461732 0.818024
v -0.318451 0.444443 0.816221
v -0.330648 0.429289 0.813795
v -0.345511 0.416853 0.810839
v -0.362467 0.407612 0.807466
v -0.380866 0.401921 0.803806
v -0.381976 0.598079 0.807466
v -0.364645 0.592388 0.814645
v -0.348672 0.583147 0.821261
v -0.334672 0.570711 0.827060
v -0.323182 0.555557 0.831819
v -0.314645 0.538268 0.835355
v -0.309387 0.519509 0.837533
v -0.307612 0.500000 0.838268
v -0.309387 0.480491 0.837533
v -0.314645 0.461732 0.835355
v -0.323182 0.444443 0.831819
v -0.334672 0.429289 0.827060
v -0.348672 0.416853 0.821261
v -0.364645 0.407612 0.814645
v -0.381976 0.401921 0.807466
v -0.383779 0.598079 0.810839
v -0.368181 0.592388 0.821261
v -0.353806 0.583147 0.830866
v -0.341206 0.570711 0.839285
v -0.330866 0.555557 0.846194
v -0.323182 0.538268 0.851328
v -0.318451 0.519509 0.854490
v -0.316853 0.500000 0.855557
v -0.318451 0.480491 0.854490
v -0.323182 0.461732 0.851328
v -0.330866 0.444443 0.846194
v -0.341206 0.429289 0.839285
v -0.353806 0.416853 0.830866
v -0.368181 0.407612 0.821261
v -0.383779 0.401921 0.810839
v -0.386205 0.598079 0.813795
v -0.372940 0.592388 0.827060
v -0.360715 0.583147 0.839285
v -0.350000 0.570711 0.850000
v -0.341206 0.555557 0.858794
v -0.334672 0.538268 0.865328
v -0.330648 0.519509 0.869352
v -0.329289 0.500000 0.870711
v -0.330648 0.480491 0.869352
v -0.334672 0.461732 0.865328
v -0.341206 0.444443 0.858794
v -0.350000 0.429289 0.850000
v -0.360715 0.416853 0.839285
v -0.372940 0.407612 0.827060
v -0.386205 0.401921 0.813795
v -0.389161 0.598079 0.816221
v -0.378739 0.592388 0.831819
v -0.369134 0.583147 0.846194
v -0.360715 0.570711 0.858794
v -0.353806 0.555557 0.869134
v -0.348672 0.538268 0.876818
v -0.345511 0.519509 0.881549
v -0.344443 0.500000 0.883147
v -0.345511 0.480491 0.881549
v -0.348672 0.461732 0.876818
v -0.353806 0.444443 0.869134
v -0.360715 0.429289 0.858794
v -0.369134 0.416853 0.846194
v -0.378739 0.407612 0.831819
v -0.389161 0.401921 0.816221
v -0.392534 0.598079 0.818024
v -0.385355 0.592388 0.835355
v -0.378739 0.583147 0.851328
v -0.372940 0.570711 0.865328
v -0.368181 0.555557 0.876818
v -0.364645 0.538268 0.885355
v -0.362467 0.519509 0.890613
v -0.361732 0.500000 0.892388
v -0.362467 0.480491 0.890613
v -0.364645 0.461732 0.885355
v -0.368181 0.444443 0.876818
v -0.372940 0.429289 0.865328
v -0.378739 0.416853 0.851328
v -0.385355 0.407612 0.835355
v -0.392534 0.401921 0.818024
v -0.396194 0.598079 0.819134
v -0.392534 0.592388 0.837533
v -0.389161 0.583147 0.854489
v -0.386205 0.570711 0.869352
v -0.383779 0.555557 0.881549
v -0.381976 0.538268 0.890613
v -0.380866 0.519509 0.896194
v -0.380491 0.500000 0.898078
v -0.380866 0.480491 0.896194
v -0.381976 0.461732 0.890613
v -0.383779 0.444443 0.881549
v -0.386205 0.429289 0.869352
v -0.389161 0.416853 0.854489
v -0.392534 0.407612 0.837533
v -0.396194 0.401921 0.819134
v -0.400000 0.598079 0.819509
v -0.400000 0.592388 0.838268
v -0.400000 0.570711 0.870711
v -0.400000 0.538268 0.892388
v -0.400000 0.461732 0.892388
v -0.400000 0.429289 0.870711
v -0.400000 0.416853 0.855557
v -0.400000 0.407612 0.838268
v -0.400000 0.401921 0.819509
vn -0.0624 -0.7715 0.6332
vn -0.0865 0.4696 0.8786
vn -0.0464 -0.8810 0.4709
vn -0.0938 0.2890 0.9527
vn -0.0286 -0.9565 0.2902
vn -0.0975 0.0975 0.9904
vn -0.0097 0.9951 0.0980
vn -0.0097 -0.9951 0.0980
vn -0.0975 -0.0976 0.9904
vn -0.0286 0.9565 0.2902
vn -0.0938 -0.2890 0.9527
vn -0.0464 0.8810 0.4709
vn -0.0865 -0.4696 0.8786
vn -0.0624 0.7715 0.6332
vn -0.0759 -0.6326 0.7708
vn -0.0759 0.6326 0.7708
vn -0.1847 0.7715 0.6088
vn -0.2248 -0.6326 0.7412
vn -0.2248 0.6326 0.7412
vn -0.1847 -0.7715 0.6088
vn -0.2563 0.4696 0.8448
vn -0.1374 -0.8810 0.4528
vn -0.2779 0.2890 0.9161
vn -0.0846 -0.9565 0.2790
vn -0.2889 0.0976 0.9524
vn -0.0286 0.9951 0.0942
vn -0.0286 -0.9951 0.0942
vn -0.2889 -0.0976 0.9524
vn -0.0846 0.9565 0.2790
vn -0.2779 -0.2890 0.9161
vn -0.1374 0.8810 0.4528
vn -0.2563 -0.4696 0.8448
vn -0.4691 0.0975 0.8777
vn -0.0464 0.9951 0.0869
vn -0.0464 -0.9951 0.0869
vn -0.4691 -0.0975 0.8777
vn -0.1374 0.9565 0.2571
vn -0.4513 -0.2890 0.8443
vn -0.2231 0.8810 0.4173
vn -0.4162 -0.4696 0.7786
vn -0.2999 0.7715 0.5611
vn -0.3651 -0.6326 0.6831
vn -0.3651 0.6326 0.6831
vn -0.2999 -0.7715 0.5611
vn -0.4162 0.4696 0.7786
vn -0.2230 -0.8810 0.4173
vn -0.4513 0.2890 0.8443
vn -0.1374 -0.9565 0.2571
vn -0.4913 -0.6326 0.5987
vn -0.4913 0.6326 0.5987
vn -0.4036 -0.7715 0.4918
vn -0.5601 0.4696 0.6825
vn -0.3002 -0.8810 0.3658
vn -0.6073 0.2890 0.7400
vn -0.1850 -0.9565 0.2254
vn -0.6314 0.0975 0.7693
vn -0.0625 0.9951 0.0761
vn -0.0625 -0.9951 0.0761
vn -0.6314 -0.0975 0.7693
vn -0.1850 0.9565 0.2254
vn -0.6073 -0.2890 0.7400
vn -0.3002 0.8810 0.3658
vn -0.5601 -0.4696 0.6825
vn -0.4036 0.7715 0.4918
vn -0.0761 -0.9951 0.0625
vn -0.7693 -0.0975 0.6314
vn -0.2254 0.9565 0.1850
vn -0.7400 -0.2890 0.6073
vn -0.3658 0.8810 0.3002
vn -0.6825 -0.4696 0.5601
vn -0.4918 0.7715 0.4036
vn -0.5987 -0.6326 0.4913
vn -0.5987 0.6326 0.4913
vn -0.4918 -0.7715 0.4036
vn -0.6825 0.4696 0.5601
vn -0.3658 -0.8810 0.3002
vn -0.7400 0.2890 0.6073
vn -0.2254 -0.9566 0.1850
vn -0.7693 0.0975 0.6314
vn -0.0761 0.9951 0.0625
vn -0.5611 -0.7715 0.2999
vn -0.7786 0.4696 0.4162
vn -0.4173 -0.8810 0.2230
vn -0.8443 0.2890 0.4513
vn -0.2571 -0.9565 0.1374
vn -0.8777 0.0975 0.4691
vn -0.0869 0.9951 0.0464
vn -0.0869 -0.9951 0.0464
vn -0.8777 -0.0975 0.4691
vn -0.2571 0.9565 0.1374
vn -0.8443 -0.2890 0.4513
vn -0.4173 0.8810 0.2230
vn -0.7786 -0.4696 0.4162
vn -0.5611 0.7715 0.2999
vn -0.6831 -0.6326 0.3651
vn -0.6831 0.6326 0.3651
vn -0.2790 0.9565 0.0846
vn -0.9161 -0.2890 0.2779
vn -0.4528 0.8810 0.1374
vn -0.8448 -0.4696 0.2563
vn -0.6088 0.7715 0.1847
vn -0.7412 -0.6326 0.2248
vn -0.7412 0.6326 0.2248
vn -0.6088 -0.7715 0.1847
vn -0.8448 0.4696 0.2563
vn -0.4528 -0.8810 0.1374
vn -0.9161 0.2890 0.2779
vn -0.2790 -0.9565 0.0846
vn -0.9524 0.0975 0.2889
vn -0.0942 0.9951 0.0286
vn -0.0942 -0.9951 0.0286
vn -0.9524 -0.0975 0.2889
vn -0.8786 0.4696 0.0865
vn -0.4709 -0.8810 0.0464
vn -0.9527 0.2890 0.0938
vn -0.2902 -0.9565 0.0286
vn -0.9904 0.0975 0.0975
vn -0.0980 0.9951 0.0097
vn -0.0980 -0.9951 0.0097
vn -0.9904 -0.0975 0.0975
vn -0.2902 0.9565 0.0286
vn -0.9527 -0.2890 0.0938
vn -0.4709 0.8810 0.0464
vn -0.8786 -0.4696 0.0865
vn -0.6332 0.7715 0.0624
vn -0.7708 -0.6326 0.0759
vn -0.7708 0.6326 0.0759
vn -0.6332 -0.7715 0.0624
vn -0.9527 -0.2890 -0.0938
vn -0.4709 0.8810 -0.0464
vn -0.8786 -0.4696 -0.0865
vn -0.6332 0.7715 -0.0624
vn -0.7708 -0.6326 -0.0759
vn -0.7708 0.6326 -0.0759
vn -0.6332 -0.7715 -0.0624
vn -0.8786 0.4696 -0.0865
vn -0.4709 -0.8810 -0.0464
vn -0.9527 0.2890 -0.0938
vn -0.2902 -0.9565 -0.0286
vn -0.9904 0.0975 -0.0976
vn -0.0980 0.9951 -0.0097
vn -0.0980 -0.9951 -0.0097
vn -0.9904 -0.0975 -0.0976
vn -0.2902 0.9565 -0.0286
vn -0.4528 -0.8810 -0.1374
vn -0.9161 0.2890 -0.2779
vn -0.2790 -0.9565 -0.0846
vn -0.9524 0.0975 -0.2889
vn -0.0942 0.9951 -0.0286
vn -0.0942 -0.9951 -0.0286
vn -0.9524 -0.0975 -0.2889
vn -0.2790 0.9565 -0.0846
vn -0.9161 -0.2890 -0.2779
vn -0.4528 0.8810 -0.1374
vn -0.8448 -0.4696 -0.2563
vn -0.6088 0.7715 -0.1847
vn -0.7412 -0.6326 -0.2248
vn -0.7412 0.6326 -0.2248
vn -0.6088 -0.7715 -0.1847
vn -0.8448 0.4696 -0.2563
vn -0.4173 0.8810 -0.2231
vn -0.7786 -0.4696 -0.4162
vn -0.5611 0.7715 -0.2999
vn -0.6831 -0.6326 -0.3651
vn -0.6831 0.6326 -0.3651
vn -0.5611 -0.7715 -0.2999
vn -0.7786 0.4696 -0.4162
vn -0.4173 -0.8810 -0.2230
vn -0.8443 0.2890 -0.4513
vn -0.2571 -0.9565 -0.1374
vn -0.8777 0.0975 -0.4691
vn -0.0869 0.9951 -0.0464
vn -0.0869 -0.9951 -0.0464
vn -0.8777 -0.0975 -0.4691
vn -0.2571 0.9565 -0.1374
vn -0.8443 -0.2890 -0.4513
vn -0.7400 0.2890 -0.6073
vn -0.2254 -0.9565 -0.1850
vn -0.7693 0.0975 -0.6314
vn -0.0761 0.9951 -0.0625
vn -0.0761 -0.9951 -0.0625
vn -0.7693 -0.0975 -0.6314
vn -0.2254 0.9565 -0.1850
vn -0.7400 -0.2890 -0.6073
vn -0.3658 0.8810 -0.3002
vn -0.6825 -0.4696 -0.5601
vn -0.4918 0.7715 -0.4036
vn -0.5987 -0.6326 -0.4913
vn -0.5987 0.6326 -0.4913
vn -0.4918 -0.7715 -0.4036
vn -0.6825 0.4696 -0.5601
vn -0.3658 -0.8810 -0.3002
vn -0.5601 -0.4696 -0.6825
vn -0.4036 0.7715 -0.4918
vn -0.4913 -0.6326 -0.5987
vn -0.4913 0.6326 -0.5987
vn -0.4036 -0.7715 -0.4918
vn -0.5601 0.4696 -0.6825
vn -0.3002 -0.8810 -0.3658
vn -0.6073 0.2890 -0.7400
vn -0.1850 -0.9565 -0.2254
vn -0.6314 0.0975 -0.7693
vn -0.0625 0.9951 -0.0761
vn -0.0625 -0.9951 -0.0761
vn -0.6314 -0.0975 -0.7693
vn -0.1850 0.9565 -0.2254
vn -0.6073 -0.2890 -0.7400
vn -0.3002 0.8810 -0.3658
vn -0.1374 -0.9565 -0.2571
vn -0.4691 0.0975 -0.8777
vn -0.0464 0.9951 -0.0869
vn -0.0464 -0.9951 -0.0869
vn -0.4691 -0.0975 -0.8777
vn -0.1374 0.9565 -0.2571
vn -0.4513 -0.2890 -0.8443
vn -0.2230 0.8810 -0.4173
vn -0.4162 -0.4696 -0.7786
vn -0.2999 0.7715 -0.5611
vn -0.3651 -0.6326 -0.6831
vn -0.3651 0.6326 -0.6831
vn -0.2999 -0.7715 -0.5611
vn -0.4162 0.4696 -0.7786
vn -0.2230 -0.8810 -0.4173
vn -0.4513 0.2890 -0.8443
vn -0.2248 -0.6326 -0.7412
vn -0.2248 0.6326 -0.7412
vn -0.1847 -0.7715 -0.6088
vn -0.2563 0.4696 -0.8448
vn -0.1374 -0.8810 -0.4528
vn -0.2779 0.2890 -0.9161
vn -0.0846 -0.9565 -0.2790
vn -0.2889 0.0975 -0.9524
vn -0.0286 0.9951 -0.0942
vn -0.0286 -0.9951 -0.0942
vn -0.2889 -0.0975 -0.9524
vn -0.0846 0.9565 -0.2790
vn -0.2779 -0.2890 -0.9161
vn -0.1374 0.8810 -0.4528
vn -0.2563 -0.4696 -0.8448
vn -0.1847 0.7715 -0.6088
vn -0.0097 0.9951 -0.0980
vn -0.0097 -0.9951 -0.0980
vn -0.0975 -0.0975 -0.9904
vn -0.0286 0.9565 -0.2902
vn -0.0938 -0.2890 -0.9527
vn -0.0464 0.8810 -0.4709
vn -0.0865 -0.4696 -0.8786
vn -0.0624 0.7715 -0.6332
vn -0.0759 -0.6326 -0.7708
vn -0.0759 0.6326 -0.7708
vn -0.0624 -0.7715 -0.6332
vn -0.0865 0.4696 -0.8786
vn -0.0464 -0.8810 -0.4709
vn -0.0938 0.2890 -0.9527
vn -0.0286 -0.9565 -0.2902
vn -0.0975 0.0975 -0.9904
vn 0.0759 0.6326 -0.7708
vn 0.0624 -0.7715 -0.6332
vn 0.0865 0.4696 -0.8786
vn 0.0464 -0.8810 -0.4709
vn 0.0938 0.2890 -0.9527
vn 0.0286 -0.9565 -0.2902
vn 0.0976 0.0975 -0.9904
vn 0.0097 0.9951 -0.0980
vn 0.0097 -0.9951 -0.0980
vn 0.0975 -0.0975 -0.9904
vn 0.0286 0.9565 -0.2902
vn 0.0938 -0.2890 -0.9527
vn 0.0464 0.8810 -0.4709
vn 0.0865 -0.4696 -0.8786
vn 0.0624 0.7715 -0.6332
vn 0.0759 -0.6326 -0.7708
vn 0.2889 -0.0975 -0.9524
vn 0.0846 0.9565 -0.2790
vn 0.2779 -0.2890 -0.9161
vn 0.1374 0.8810 -0.4528
vn 0.2563 -0.4696 -0.8448
vn 0.1847 0.7715 -0.6088
vn 0.2248 -0.6326 -0.7412
vn 0.2248 0.6326 -0.7412
vn 0.1847 -0.7715 -0.6088
vn 0.2563 0.4696 -0.8448
vn 0.1374 -0.8810 -0.4528
vn 0.2779 0.2890 -0.9161
vn 0.0846 -0.9565 -0.2790
vn 0.2889 0.0975 -0.9524
vn 0.0286 0.9951 -0.0942
vn 0.0286 -0.9951 -0.0942
vn 0.2999 -0.7715 -0.5611
vn 0.4162 0.4696 -0.7786
vn 0.2230 -0.8810 -0.4173
vn 0.4513 0.2890 -0.8443
vn 0.1374 -0.9565 -0.2571
vn 0.4691 0.0975 -0.8777
vn 0.0464 0.9951 -0.0869
vn 0.0464 -0.9951 -0.0869
vn 0.4691 -0.0975 -0.8777
vn 0.1374 0.9565 -0.2571
vn 0.4513 -0.2890 -0.8443
vn 0.2230 0.8810 -0.4173
vn 0.4162 -0.4696 -0.7786
vn 0.2999 0.7715 -0.5611
vn 0.3651 -0.6326 -0.6831
vn 0.3651 0.6326 -0.6831
vn 0.1850 0.9565 -0.2254
vn 0.6073 -0.2890 -0.7400
vn 0.3002 0.8810 -0.3658
vn 0.5601 -0.4696 -0.6825
vn 0.4036 0.7715 -0.4918
vn 0.4913 -0.6326 -0.5987
vn 0.4913 0.6326 -0.5987
vn 0.4036 -0.7715 -0.4918
vn 0.5601 0.4696 -0.6825
vn 0.3002 -0.8810 -0.3658
vn 0.6073 0.2890 -0.7400
vn 0.1850 -0.9565 -0.2254
vn 0.6314 0.0975 -0.7693
vn 0.0625 0.9951 -0.0761
vn 0.0625 -0.9951 -0.0761
vn 0.6314 -0.0975 -0.7693
vn 0.6825 0.4696 -0.5601
vn 0.3658 -0.8810 -0.3002
vn 0.7400 0.2890 -0.6073
vn 0.2254 -0.9566 -0.1850
vn 0.7693 0.0975 -0.6314
vn 0.0761 0.9951 -0.0625
vn 0.0761 -0.9951 -0.0625
vn 0.7693 -0.0975 -0.6314
vn 0.2254 0.9565 -0.1850
vn 0.7400 -0.2890 -0.6073
vn 0.3658 0.8810 -0.3002
vn 0.6825 -0.4696 -0.5601
vn 0.4918 0.7715 -0.4036
vn 0.5987 -0.6326 -0.4913
vn 0.5987 0.6326 -0.4913
vn 0.4918 -0.7715 -0.4036
vn 0.8443 -0.2890 -0.4513
vn 0.4173 0.8810 -0.2230
vn 0.7786 -0.4696 -0.4162
vn 0.5611 0.7715 -0.2999
vn 0.6831 -0.6326 -0.3651
vn 0.6831 0.6326 -0.3651
vn 0.5611 -0.7715 -0.2999
vn 0.7786 0.4696 -0.4162
vn 0.4173 -0.8810 -0.2231
vn 0.8443 0.2890 -0.4513
vn 0.2571 -0.9565 -0.1374
vn 0.8777 0.0975 -0.4691
vn 0.0869 0.9951 -0.0464
vn 0.0869 -0.9951 -0.0464
vn 0.8777 -0.0975 -0.4691
vn 0.2571 0.9565 -0.1374
vn 0.4528 -0.8810 -0.1374
vn 0.9161 0.2890 -0.2779
vn 0.2790 -0.9565 -0.0846
vn 0.9524 0.0975 -0.2889
vn 0.0942 0.9951 -0.0286
vn 0.0942 -0.9951 -0.0286
vn 0.9524 -0.0975 -0.2889
vn 0.2790 0.9565 -0.0846
vn 0.9161 -0.2890 -0.2779
vn 0.4528 0.8810 -0.1374
vn 0.8448 -0.4696 -0.2563
vn 0.6088 0.7715 -0.1847
vn 0.7412 -0.6326 -0.2248
vn 0.7412 0.6326 -0.2248
vn 0.6088 -0.7715 -0.1847
vn 0.8448 0.4696 -0.2563
vn 0.8786 -0.4696 -0.0865
vn 0.6332 0.7715 -0.0624
vn 0.7708 -0.6326 -0.0759
vn 0.7708 0.6326 -0.0759
vn 0.6332 -0.7715 -0.0624
vn 0.8786 0.4696 -0.0865
vn 0.4709 -0.8810 -0.0464
vn 0.9527 0.2890 -0.0938
vn 0.2902 -0.9565 -0.0286
vn 0.9904 0.0975 -0.0975
vn 0.0980 0.9951 -0.0097
vn 0.0980 -0.9951 -0.0097
vn 0.9904 -0.0975 -0.0976
vn 0.2902 0.9565 -0.0286
vn 0.9527 -0.2890 -0.0938
vn 0.4709 0.8810 -0.0464
vn 0.2902 -0.9565 0.0286
vn 0.9904 0.0975 0.0975
vn 0.0980 0.9951 0.0097
vn 0.0980 -0.9951 0.0097
vn 0.9904 -0.0975 0.0976
vn 0.2902 0.9565 0.0286
vn 0.9527 -0.2890 0.0938
vn 0.4709 0.8810 0.0464
vn 0.8786 -0.4696 0.0865
vn 0.6332 0.7715 0.0624
vn 0.7708 -0.6326 0.0759
vn 0.7708 0.6326 0.0759
vn 0.6332 -0.7715 0.0624
vn 0.8786 0.4696 0.0865
vn 0.4709 -0.8810 0.0464
vn 0.9527 0.2890 0.0938
vn 0.6088 0.7715 0.1847
vn 0.7412 -0.6326 0.2248
vn 0.7412 0.6326 0.2248
vn 0.6088 -0.7715 0.1847
vn 0.8448 0.4696 0.2563
vn 0.4528 -0.8810 0.1374
vn 0.9161 0.2890 0.2779
vn 0.2790 -0.9565 0.0846
vn 0.9524 0.0975 0.2889
vn 0.0942 0.9951 0.0286
vn 0.0942 -0.9951 0.0286
vn 0.9524 -0.0975 0.2889
vn 0.2790 0.9565 0.0846
vn 0.9161 -0.2890 0.2779
vn 0.4528 0.8810 0.1374
vn 0.8448 -0.4696 0.2563
vn 0.8777 0.0975 0.4691
vn 0.0869 0.9951 0.0464
vn 0.0869 -0.9951 0.0464
vn 0.8777 -0.0975 0.4691
vn 0.2571 0.9565 0.1374
vn 0.8443 -0.2890 0.4513
vn 0.4173 0.8810 0.2231
vn 0.7786 -0.4696 0.4162
vn 0.5611 0.7715 0.2999
vn 0.6831 -0.6326 0.3651
vn 0.6831 0.6326 0.3651
vn 0.5611 -0.7715 0.2999
vn 0.7786 0.4696 0.4162
vn 0.4173 -0.8810 0.2231
vn 0.8443 0.2890 0.4513
vn 0.2571 -0.9565 0.1374
vn 0.5987 -0.6326 0.4913
vn 0.5987 0.6326 0.4913
vn 0.4918 -0.7715 0.4036
vn 0.6825 0.4696 0.5601
vn 0.3658 -0.8810 0.3002
vn 0.7400 0.2890 0.6073
vn 0.2254 -0.9565 0.1850
vn 0.7693 0.0975 0.6314
vn 0.0761 0.9951 0.0625
vn 0.0761 -0.9951 0.0625
vn 0.7693 -0.0975 0.6314
vn 0.2254 0.9565 0.1850
vn 0.7400 -0.2890 0.6073
vn 0.3658 0.8810 0.3002
vn 0.6825 -0.4696 0.5601
vn 0.4918 0.7715 0.4036
vn 0.0625 0.9951 0.0761
vn 0.0625 -0.9951 0.0761
vn 0.6314 -0.0975 0.7693
vn 0.1850 0.9565 0.2254
vn 0.6073 -0.2890 0.7400
vn 0.3002 0.8810 0.3658
vn 0.5601 -0.4696 0.6825
vn 0.4036 0.7715 0.4918
vn 0.4913 -0.6326 0.5987
vn 0.4913 0.6326 0.5987
vn 0.4036 -0.7715 0.4918
vn 0.5601 0.4696 0.6825
vn 0.3002 -0.8810 0.3658
vn 0.6073 0.2890 0.7400
vn 0.1850 -0.9565 0.2254
vn 0.6314 0.0975 0.7693
vn 0.3651 0.6326 0.6831
vn 0.2999 -0.7715 0.5611
vn 0.4162 0.4696 0.7786
vn 0.2230 -0.8810 0.4173
vn 0.4513 0.2890 0.8443
vn 0.1374 -0.9565 0.2571
vn 0.4691 0.0975 0.8777
vn 0.0464 0.9951 0.0869
vn 0.0464 -0.9951 0.0869
vn 0.4691 -0.0975 0.8777
vn 0.1374 0.9565 0.2571
vn 0.4513 -0.2890 0.8443
vn 0.2230 0.8810 0.4173
vn 0.4162 -0.4696 0.7786
vn 0.2999 0.7715 0.5611
vn 0.3651 -0.6326 0.6831
vn 0.2889 -0.0975 0.9524
vn 0.0846 0.9565 0.2790
vn 0.2779 -0.2890 0.9161
vn 0.1374 0.8810 0.4528
vn 0.2563 -0.4696 0.8448
vn 0.1847 0.7715 0.6088
vn 0.2248 -0.6326 0.7412
vn 0.2248 0.6326 0.7412
vn 0.1847 -0.7715 0.6088
vn 0.2563 0.4696 0.8448
vn 0.1374 -0.8810 0.4528
vn 0.2779 0.2890 0.9161
vn 0.0846 -0.9565 0.2790
vn 0.2889 0.0975 0.9524
vn 0.0286 0.9951 0.0942
vn 0.0286 -0.9951 0.0942
vn 0.0624 -0.7715 0.6332
vn 0.0865 0.4696 0.8786
vn 0.0464 -0.8810 0.4709
vn 0.0938 0.2890 0.9527
vn 0.0286 -0.9565 0.2902
vn 0.0976 0.0975 0.9904
vn 0.0097 0.9951 0.0980
vn 0.0097 -0.9951 0.0980
vn 0.0976 -0.0975 0.9904
vn 0.0286 0.9565 0.2902
vn 0.0938 -0.2890 0.9527
vn 0.0464 0.8810 0.4709
vn 0.0865 -0.4696 0.8786
vn 0.0624 0.7715 0.6332
vn 0.0759 -0.6326 0.7708
vn 0.0759 0.6326 0.7708
vn -0.0975 0.0976 0.9904
vn -0.0975 -0.0975 0.9904
vn -0.2230 0.8810 0.4173
vn -0.2231 -0.8810 0.4173
vn -0.2254 -0.9565 0.1850
vn -0.4173 0.8810 -0.2230
vn -0.4173 -0.8810 -0.2231
vn -0.2571 0.9566 -0.1374
vn -0.2231 -0.8810 -0.4173
vn 0.0975 0.0975 -0.9904
vn 0.0976 -0.0975 -0.9904
vn 0.2231 -0.8810 -0.4173
vn 0.2231 0.8810 -0.4173
vn 0.2254 -0.9565 -0.1850
vn 0.4173 -0.8810 -0.2230
vn 0.9904 0.0975 -0.0976
vn 0.9904 -0.0975 -0.0975
vn 0.9904 0.0975 0.0976
vn 0.9904 -0.0975 0.0975
vt 0.750000 0.250000
vt 0.718750 0.187500
vt 0.750000 0.187500
vt 0.750000 0.625000
vt 0.718750 0.687500
vt 0.718750 0.625000
vt 0.718750 0.125000
vt 0.750000 0.125000
vt 0.750000 0.562500
vt 0.718750 0.562500
vt 0.718750 0.062500
vt 0.750000 0.062500
vt 0.718750 0.500000
vt 0.750000 0.500000
vt 0.750000 0.937500
vt 0.734375 1.000000
vt 0.718750 0.937500
vt 0.734375 0.000000
vt 0.718750 0.437500
vt 0.750000 0.437500
vt 0.750000 0.875000
vt 0.718750 0.875000
vt 0.718750 0.375000
vt 0.750000 0.375000
vt 0.750000 0.812500
vt 0.718750 0.812500
vt 0.718750 0.312500
vt 0.750000 0.312500
vt 0.750000 0.750000
vt 0.718750 0.750000
vt 0.718750 0.250000
vt 0.750000 0.687500
vt 0.687500 0.750000
vt 0.687500 0.250000
vt 0.687500 0.687500
vt 0.687500 0.187500
vt 0.687500 0.625000
vt 0.687500 0.125000
vt 0.687500 0.562500
vt 0.687500 0.062500
vt 0.687500 0.500000
vt 0.703125 1.000000
vt 0.687500 0.937500
vt 0.703125 0.000000
vt 0.687500 0.437500
vt 0.687500 0.875000
vt 0.687500 0.375000
vt 0.687500 0.812500
vt 0.687500 0.312500
vt 0.656250 0.500000
vt 0.671875 1.000000
vt 0.656250 0.937500
vt 0.671875 0.000000
vt 0.656250 0.062500
vt 0.656250 0.437500
vt 0.656250 0.875000
vt 0.656250 0.375000
vt 0.656250 0.812500
vt 0.656250 0.312500
vt 0.656250 0.750000
vt 0.656250 0.250000
vt 0.656250 0.687500
vt 0.656250 0.187500
vt 0.656250 0.625000
vt 0.656250 0.125000
vt 0.656250 0.562500
vt 0.625000 0.250000
vt 0.625000 0.687500
vt 0.625000 0.187500
vt 0.625000 0.625000
vt 0.625000 0.125000
vt 0.625000 0.562500
vt 0.625000 0.062500
vt 0.625000 0.500000
vt 0.640625 1.000000
vt 0.625000 0.937500
vt 0.640625 0.000000
vt 0.625000 0.437500
vt 0.625000 0.875000
vt 0.625000 0.375000
vt 0.625000 0.812500
vt 0.625000 0.312500
vt 0.625000 0.750000
vt 0.609375 0.000000
vt 0.593750 0.062500
vt 0.593750 0.437500
vt 0.593750 0.875000
vt 0.593750 0.375000
vt 0.593750 0.812500
vt 0.593750 0.312500
vt 0.593750 0.750000
vt 0.593750 0.250000
vt 0.593750 0.687500
vt 0.593750 0.187500
vt 0.593750 0.625000
vt 0.593750 0.125000
vt 0.593750 0.562500
vt 0.593750 0.500000
vt 0.609375 1.000000
vt 0.593750 0.937500
vt 0.562500 0.187500
vt 0.562500 0.625000
vt 0.562500 0.125000
vt 0.562500 0.562500
vt 0.562500 0.062500
vt 0.562500 0.500000
vt 0.578125 1.000000
vt 0.562500 0.937500
vt 0.578125 0.000000
vt 0.562500 0.437500
vt 0.562500 0.875000
vt 0.562500 0.375000
vt 0.562500 0.812500
vt 0.562500 0.312500
vt 0.562500 0.750000
vt 0.562500 0.250000
vt 0.562500 0.687500
vt 0.531250 0.937500
vt 0.531250 0.875000
vt 0.531250 0.375000
vt 0.531250 0.812500
vt 0.531250 0.312500
vt 0.531250 0.750000
vt 0.531250 0.250000
vt 0.531250 0.687500
vt 0.531250 0.187500
vt 0.531250 0.625000
vt 0.531250 0.125000
vt 0.531250 0.562500
vt 0.531250 0.062500
vt 0.531250 0.500000
vt 0.546875 1.000000
vt 0.546875 0.000000
vt 0.531250 0.437500
vt 0.500000 0.625000
vt 0.500000 0.125000
vt 0.500000 0.562500
vt 0.500000 0.062500
vt 0.500000 0.500000
vt 0.515625 1.000000
vt 0.500000 0.937500
vt 0.515625 0.000000
vt 0.500000 0.437500
vt 0.500000 0.875000
vt 0.500000 0.375000
vt 0.500000 0.812500
vt 0.500000 0.312500
vt 0.500000 0.750000
vt 0.500000 0.250000
vt 0.500000 0.687500
vt 0.500000 0.187500
vt 0.468750 0.375000
vt 0.468750 0.812500
vt 0.468750 0.312500
vt 0.468750 0.750000
vt 0.468750 0.250000
vt 0.468750 0.687500
vt 0.468750 0.187500
vt 0.468750 0.625000
vt 0.468750 0.125000
vt 0.468750 0.562500
vt 0.468750 0.062500
vt 0.468750 0.500000
vt 0.484375 1.000000
vt 0.468750 0.937500
vt 0.484375 0.000000
vt 0.468750 0.437500
vt 0.468750 0.875000
vt 0.437500 0.125000
vt 0.437500 0.625000
vt 0.437500 0.562500
vt 0.437500 0.062500
vt 0.437500 0.500000
vt 0.453125 1.000000
vt 0.437500 0.937500
vt 0.453125 0.000000
vt 0.437500 0.437500
vt 0.437500 0.875000
vt 0.437500 0.375000
vt 0.437500 0.812500
vt 0.437500 0.312500
vt 0.437500 0.750000
vt 0.437500 0.250000
vt 0.437500 0.687500
vt 0.437500 0.187500
vt 0.406250 0.875000
vt 0.406250 0.812500
vt 0.406250 0.375000
vt 0.406250 0.312500
vt 0.406250 0.750000
vt 0.406250 0.250000
vt 0.406250 0.687500
vt 0.406250 0.187500
vt 0.406250 0.625000
vt 0.406250 0.125000
vt 0.406250 0.562500
vt 0.406250 0.062500
vt 0.406250 0.500000
vt 0.421875 1.000000
vt 0.406250 0.937500
vt 0.421875 0.000000
vt 0.406250 0.437500
vt 0.375000 0.625000
vt 0.375000 0.562500
vt 0.375000 0.125000
vt 0.375000 0.062500
vt 0.375000 0.500000
vt 0.390625 1.000000
vt 0.375000 0.937500
vt 0.390625 0.000000
vt 0.375000 0.437500
vt 0.375000 0.875000
vt 0.375000 0.375000
vt 0.375000 0.812500
vt 0.375000 0.312500
vt 0.375000 0.750000
vt 0.375000 0.250000
vt 0.375000 0.687500
vt 0.375000 0.187500
vt 0.343750 0.375000
vt 0.343750 0.312500
vt 0.343750 0.750000
vt 0.343750 0.250000
vt 0.343750 0.687500
vt 0.343750 0.187500
vt 0.343750 0.625000
vt 0.343750 0.125000
vt 0.343750 0.562500
vt 0.343750 0.062500
vt 0.343750 0.500000
vt 0.359375 1.000000
vt 0.343750 0.937500
vt 0.359375 0.000000
vt 0.343750 0.437500
vt 0.343750 0.875000
vt 0.343750 0.812500
vt 0.312500 0.062500
vt 0.312500 0.562500
vt 0.312500 0.500000
vt 0.328125 1.000000
vt 0.312500 0.937500
vt 0.328125 0.000000
vt 0.312500 0.437500
vt 0.312500 0.875000
vt 0.312500 0.375000
vt 0.312500 0.812500
vt 0.312500 0.312500
vt 0.312500 0.750000
vt 0.312500 0.250000
vt 0.312500 0.687500
vt 0.312500 0.187500
vt 0.312500 0.625000
vt 0.312500 0.125000
vt 0.281250 0.250000
vt 0.281250 0.750000
vt 0.281250 0.687500
vt 0.281250 0.187500
vt 0.281250 0.625000
vt 0.281250 0.125000
vt 0.281250 0.562500
vt 0.281250 0.062500
vt 0.281250 0.500000
vt 0.296875 1.000000
vt 0.281250 0.937500
vt 0.296875 0.000000
vt 0.281250 0.437500
vt 0.281250 0.875000
vt 0.281250 0.375000
vt 0.281250 0.812500
vt 0.281250 0.312500
vt 0.265625 1.000000
vt 0.250000 0.937500
vt 0.265625 0.000000
vt 0.250000 0.062500
vt 0.250000 0.437500
vt 0.250000 0.875000
vt 0.250000 0.375000
vt 0.250000 0.812500
vt 0.250000 0.312500
vt 0.250000 0.750000
vt 0.250000 0.250000
vt 0.250000 0.687500
vt 0.250000 0.187500
vt 0.250000 0.625000
vt 0.250000 0.125000
vt 0.250000 0.562500
vt 0.250000 0.500000
vt 0.218750 0.750000
vt 0.218750 0.687500
vt 0.218750 0.250000
vt 0.218750 0.187500
vt 0.218750 0.625000
vt 0.218750 0.125000
vt 0.218750 0.562500
vt 0.218750 0.062500
vt 0.218750 0.500000
vt 0.234375 1.000000
vt 0.218750 0.937500
vt 0.234375 0.000000
vt 0.218750 0.437500
vt 0.218750 0.875000
vt 0.218750 0.375000
vt 0.218750 0.812500
vt 0.218750 0.312500
vt 0.187500 0.437500
vt 0.187500 0.937500
vt 0.187500 0.875000
vt 0.187500 0.375000
vt 0.187500 0.812500
vt 0.187500 0.312500
vt 0.187500 0.750000
vt 0.187500 0.250000
vt 0.187500 0.687500
vt 0.187500 0.187500
vt 0.187500 0.625000
vt 0.187500 0.125000
vt 0.187500 0.562500
vt 0.187500 0.062500
vt 0.187500 0.500000
vt 0.203125 1.000000
vt 0.203125 0.000000
vt 0.156250 0.250000
vt 0.156250 0.187500
vt 0.156250 0.625000
vt 0.156250 0.125000
vt 0.156250 0.562500
vt 0.156250 0.062500
vt 0.156250 0.500000
vt 0.171875 1.000000
vt 0.156250 0.937500
vt 0.171875 0.000000
vt 0.156250 0.437500
vt 0.156250 0.875000
vt 0.156250 0.375000
vt 0.156250 0.812500
vt 0.156250 0.312500
vt 0.156250 0.750000
vt 0.156250 0.687500
vt 0.125000 0.875000
vt 0.125000 0.375000
vt 0.125000 0.812500
vt 0.125000 0.312500
vt 0.125000 0.750000
vt 0.125000 0.250000
vt 0.125000 0.687500
vt 0.125000 0.187500
vt 0.125000 0.625000
vt 0.125000 0.125000
vt 0.125000 0.562500
vt 0.125000 0.062500
vt 0.125000 0.500000
vt 0.140625 1.000000
vt 0.125000 0.937500
vt 0.140625 0.000000
vt 0.125000 0.437500
vt 0.093750 0.625000
vt 0.093750 0.125000
vt 0.093750 0.562500
vt 0.093750 0.062500
vt 0.093750 0.500000
vt 0.109375 1.000000
vt 0.093750 0.937500
vt 0.109375 0.000000
vt 0.093750 0.437500
vt 0.093750 0.875000
vt 0.093750 0.375000
vt 0.093750 0.812500
vt 0.093750 0.312500
vt 0.093750 0.750000
vt 0.093750 0.250000
vt 0.093750 0.687500
vt 0.093750 0.187500
vt 0.062500 0.375000
vt 0.062500 0.812500
vt 0.062500 0.312500
vt 0.062500 0.750000
vt 0.062500 0.250000
vt 0.062500 0.687500
vt 0.062500 0.187500
vt 0.062500 0.625000
vt 0.062500 0.125000
vt 0.062500 0.562500
vt 0.062500 0.062500
vt 0.062500 0.500000
vt 0.078125 1.000000
vt 0.062500 0.937500
vt 0.078125 0.000000
vt 0.062500 0.437500
vt 0.062500 0.875000
vt 0.031250 0.125000
vt 0.031250 0.625000
vt 0.031250 0.562500
vt 0.031250 0.062500
vt 0.031250 0.500000
vt 0.046875 1.000000
vt 0.031250 0.937500
vt 0.046875 0.000000
vt 0.031250 0.437500
vt 0.031250 0.875000
vt 0.031250 0.375000
vt 0.031250 0.812500
vt 0.031250 0.312500
vt 0.031250 0.750000
vt 0.031250 0.250000
vt 0.031250 0.687500
vt 0.031250 0.187500
vt 0.000000 0.375000
vt 0.000000 0.312500
vt 0.000000 0.750000
vt 0.000000 0.250000
vt 0.000000 0.687500
vt 0.000000 0.187500
vt 0.000000 0.625000
vt 0.000000 0.125000
vt 0.000000 0.562500
vt 0.000000 0.062500
vt 0.000000 0.500000
vt 0.015625 1.000000
vt 0.000000 0.937500
vt 0.015625 0.000000
vt 0.000000 0.437500
vt 0.000000 0.875000
vt 0.000000 0.812500
vt 1.000000 0.125000
vt 0.968750 0.062500
vt 1.000000 0.062500
vt 1.000000 0.500000
vt 0.968750 0.562500
vt 0.968750 0.500000
vt 1.000000 0.937500
vt 0.984375 1.000000
vt 0.968750 0.937500
vt 0.984375 0.000000
vt 0.968750 0.437500
vt 1.000000 0.437500
vt 0.968750 0.875000
vt 1.000000 0.875000
vt 0.968750 0.375000
vt 1.000000 0.375000
vt 1.000000 0.812500
vt 0.968750 0.812500
vt 1.000000 0.312500
vt 0.968750 0.312500
vt 0.968750 0.750000
vt 1.000000 0.750000
vt 0.968750 0.250000
vt 1.000000 0.250000
vt 1.000000 0.687500
vt 0.968750 0.687500
vt 1.000000 0.187500
vt 0.968750 0.187500
vt 0.968750 0.625000
vt 1.000000 0.625000
vt 0.968750 0.125000
vt 1.000000 0.562500
vt 0.937500 0.750000
vt 0.937500 0.250000
vt 0.937500 0.687500
vt 0.937500 0.187500
vt 0.937500 0.625000
vt 0.937500 0.125000
vt 0.937500 0.562500
vt 0.937500 0.062500
vt 0.937500 0.500000
vt 0.953125 1.000000
vt 0.937500 0.937500
vt 0.953125 0.000000
vt 0.937500 0.437500
vt 0.937500 0.875000
vt 0.937500 0.375000
vt 0.937500 0.812500
vt 0.937500 0.312500
vt 0.906250 0.562500
vt 0.906250 0.500000
vt 0.921875 1.000000
vt 0.906250 0.937500
vt 0.921875 0.000000
vt 0.906250 0.062500
vt 0.906250 0.437500
vt 0.906250 0.875000
vt 0.906250 0.375000
vt 0.906250 0.812500
vt 0.906250 0.312500
vt 0.906250 0.750000
vt 0.906250 0.250000
vt 0.906250 0.687500
vt 0.906250 0.187500
vt 0.906250 0.625000
vt 0.906250 0.125000
vt 0.875000 0.250000
vt 0.875000 0.750000
vt 0.875000 0.687500
vt 0.875000 0.187500
vt 0.875000 0.625000
vt 0.875000 0.125000
vt 0.875000 0.562500
vt 0.875000 0.062500
vt 0.875000 0.500000
vt 0.890625 1.000000
vt 0.875000 0.937500
vt 0.890625 0.000000
vt 0.875000 0.437500
vt 0.875000 0.875000
vt 0.875000 0.375000
vt 0.875000 0.812500
vt 0.875000 0.312500
vt 0.859375 1.000000
vt 0.843750 0.937500
vt 0.859375 0.000000
vt 0.843750 0.062500
vt 0.843750 0.437500
vt 0.843750 0.875000
vt 0.843750 0.375000
vt 0.843750 0.812500
vt 0.843750 0.312500
vt 0.843750 0.750000
vt 0.843750 0.250000
vt 0.843750 0.687500
vt 0.843750 0.187500
vt 0.843750 0.625000
vt 0.843750 0.125000
vt 0.843750 0.562500
vt 0.843750 0.500000
vt 0.812500 0.750000
vt 0.812500 0.687500
vt 0.812500 0.250000
vt 0.812500 0.187500
vt 0.812500 0.625000
vt 0.812500 0.125000
vt 0.812500 0.562500
vt 0.812500 0.062500
vt 0.812500 0.500000
vt 0.828125 1.000000
vt 0.812500 0.937500
vt 0.828125 0.000000
vt 0.812500 0.437500
vt 0.812500 0.875000
vt 0.812500 0.375000
vt 0.812500 0.812500
vt 0.812500 0.312500
vt 0.781250 0.437500
vt 0.781250 0.875000
vt 0.781250 0.375000
vt 0.781250 0.812500
vt 0.781250 0.312500
vt 0.781250 0.750000
vt 0.781250 0.250000
vt 0.781250 0.687500
vt 0.781250 0.187500
vt 0.781250 0.625000
vt 0.781250 0.125000
vt 0.781250 0.562500
vt 0.781250 0.062500
vt 0.781250 0.500000
vt 0.796875 1.000000
vt 0.781250 0.937500
vt 0.796875 0.000000
vt 0.765625 1.000000
vt 0.765625 0.000000
s 0
f 1443/1119/1062 983/1120/1062 1444/1121/1062
f 1441/1122/1063 975/1123/1063 976/1124/1063
f 1444/1121/1064 984/1125/1064 1445/1126/1064
f 967/1127/1065 976/1124/1065 977/1128/1065
f 1445/1126/1066 985/1129/1066 1446/1130/1066
f 967/1127/1067 978/1131/1067 968/1132/1067
f 1438/1133/1068 1046/1134/1068 971/1135/1068
f 1272/1136/1069 1446/1130/1069 985/1129/1069
f 968/1132/1070 979/1137/1070 969/1138/1070
f 1439/1139/1071 971/1135/1071 972/1140/1071
f 969/1138/1072 980/1141/1072 1442/1142/1072
f 965/1143/1073 972/1140/1073 973/1144/1073
f 1442/1142/1074 981/1145/1074 970/1146/1074
f 1440/1147/1075 973/1144/1075 974/1148/1075
f 970/1146/1076 982/1149/1076 1443/1119/1076
f 966/1150/1077 974/1148/1077 975/1123/1077
f 973/1144/1078 989/1151/1078 974/1148/1078
f 981/1145/1079 997/1152/1079 982/1149/1079
f 974/1148/1080 990/1153/1080 975/1123/1080
f 983/1120/1081 997/1152/1081 998/1154/1081
f 975/1123/1082 991/1155/1082 976/1124/1082
f 984/1125/1083 998/1154/1083 999/1156/1083
f 977/1128/1084 991/1155/1084 992/1157/1084
f 984/1125/1085 1000/1158/1085 985/1129/1085
f 977/1128/1086 993/1159/1086 978/1131/1086
f 971/1135/1087 1046/1160/1087 986/1161/1087
f 1272/1162/1088 985/1129/1088 1000/1158/1088
f 978/1131/1089 994/1163/1089 979/1137/1089
f 971/1135/1090 987/1164/1090 972/1140/1090
f 979/1137/1091 995/1165/1091 980/1141/1091
f 972/1140/1092 988/1166/1092 973/1144/1092
f 980/1141/1093 996/1167/1093 981/1145/1093
f 992/1157/1094 1008/1168/1094 993/1159/1094
f 986/1161/1095 1046/1169/1095 1001/1170/1095
f 1272/1171/1096 1000/1158/1096 1015/1172/1096
f 994/1163/1097 1008/1168/1097 1009/1173/1097
f 986/1161/1098 1002/1174/1098 987/1164/1098
f 994/1163/1099 1010/1175/1099 995/1165/1099
f 987/1164/1100 1003/1176/1100 988/1166/1100
f 996/1167/1101 1010/1175/1101 1011/1177/1101
f 988/1166/1102 1004/1178/1102 989/1151/1102
f 997/1152/1103 1011/1177/1103 1012/1179/1103
f 989/1151/1104 1005/1180/1104 990/1153/1104
f 998/1154/1105 1012/1179/1105 1013/1181/1105
f 990/1153/1106 1006/1182/1106 991/1155/1106
f 998/1154/1107 1014/1183/1107 999/1156/1107
f 991/1155/1108 1007/1184/1108 992/1157/1108
f 999/1156/1109 1015/1172/1109 1000/1158/1109
f 1011/1177/1110 1027/1185/1110 1012/1179/1110
f 1004/1178/1111 1020/1186/1111 1005/1180/1111
f 1012/1179/1112 1028/1187/1112 1013/1181/1112
f 1005/1180/1113 1021/1188/1113 1006/1182/1113
f 1013/1181/1114 1029/1189/1114 1014/1183/1114
f 1007/1184/1115 1021/1188/1115 1022/1190/1115
f 1014/1183/1116 1030/1191/1116 1015/1172/1116
f 1008/1168/1117 1022/1190/1117 1023/1192/1117
f 1001/1170/1118 1046/1193/1118 1016/1194/1118
f 1272/1195/1119 1015/1172/1119 1030/1191/1119
f 1008/1168/1120 1024/1196/1120 1009/1173/1120
f 1001/1170/1121 1017/1197/1121 1002/1174/1121
f 1009/1173/1122 1025/1198/1122 1010/1175/1122
f 1002/1174/1123 1018/1199/1123 1003/1176/1123
f 1011/1177/1124 1025/1198/1124 1026/1200/1124
f 1003/1176/1125 1019/1201/1125 1004/1178/1125
f 1272/1202/1126 1030/1191/1126 1045/1203/1126
f 1023/1192/1127 1039/1204/1127 1024/1196/1127
f 1016/1194/1128 1032/1205/1128 1017/1197/1128
f 1024/1196/1129 1040/1206/1129 1025/1198/1129
f 1017/1197/1130 1033/1207/1130 1018/1199/1130
f 1026/1200/1131 1040/1206/1131 1041/1208/1131
f 1018/1199/1132 1034/1209/1132 1019/1201/1132
f 1026/1200/1133 1042/1210/1133 1027/1185/1133
f 1020/1186/1134 1034/1209/1134 1035/1211/1134
f 1027/1185/1135 1043/1212/1135 1028/1187/1135
f 1020/1186/1136 1036/1213/1136 1021/1188/1136
f 1029/1189/1137 1043/1212/1137 1044/1214/1137
f 1022/1190/1138 1036/1213/1138 1037/1215/1138
f 1029/1189/1139 1045/1203/1139 1030/1191/1139
f 1023/1192/1140 1037/1215/1140 1038/1216/1140
f 1016/1194/1141 1046/1217/1141 1031/1218/1141
f 1042/1210/1142 1059/1219/1142 1043/1212/1142
f 1035/1211/1143 1052/1220/1143 1036/1213/1143
f 1043/1212/1144 1060/1221/1144 1044/1214/1144
f 1037/1215/1145 1052/1220/1145 1053/1222/1145
f 1045/1203/1146 1060/1221/1146 1061/1223/1146
f 1038/1216/1147 1053/1222/1147 1054/1224/1147
f 1031/1218/1148 1046/1225/1148 1047/1226/1148
f 1272/1227/1149 1045/1203/1149 1061/1223/1149
f 1038/1216/1150 1055/1228/1150 1039/1204/1150
f 1031/1218/1151 1048/1229/1151 1032/1205/1151
f 1039/1204/1152 1056/1230/1152 1040/1206/1152
f 1032/1205/1153 1049/1231/1153 1033/1207/1153
f 1041/1208/1154 1056/1230/1154 1057/1232/1154
f 1033/1207/1155 1050/1233/1155 1034/1209/1155
f 1041/1208/1156 1058/1234/1156 1042/1210/1156
f 1035/1211/1157 1050/1233/1157 1051/1235/1157
f 1048/1229/1158 1062/1236/1158 1063/1237/1158
f 1055/1228/1159 1071/1238/1159 1056/1230/1159
f 1048/1229/1160 1064/1239/1160 1049/1231/1160
f 1057/1232/1161 1071/1238/1161 1072/1240/1161
f 1049/1231/1162 1065/1241/1162 1050/1233/1162
f 1057/1232/1163 1073/1242/1163 1058/1234/1163
f 1051/1235/1164 1065/1241/1164 1066/1243/1164
f 1059/1219/1165 1073/1242/1165 1074/1244/1165
f 1051/1235/1166 1067/1245/1166 1052/1220/1166
f 1060/1221/1167 1074/1244/1167 1075/1246/1167
f 1053/1222/1168 1067/1245/1168 1068/1247/1168
f 1060/1221/1169 1076/1248/1169 1061/1223/1169
f 1054/1224/1170 1068/1247/1170 1069/1249/1170
f 1047/1226/1171 1046/1250/1171 1062/1236/1171
f 1272/1251/1172 1061/1223/1172 1076/1248/1172
f 1054/1224/1173 1070/1252/1173 1055/1228/1173
f 1066/1243/1174 1082/1253/1174 1067/1245/1174
f 1074/1244/1175 1090/1254/1175 1075/1246/1175
f 1068/1247/1176 1082/1253/1176 1083/1255/1176
f 1075/1246/1177 1091/1256/1177 1076/1248/1177
f 1069/1249/1178 1083/1255/1178 1084/1257/1178
f 1062/1236/1179 1046/1258/1179 1077/1259/1179
f 1272/1260/1180 1076/1248/1180 1091/1256/1180
f 1069/1249/1181 1085/1261/1181 1070/1252/1181
f 1063/1237/1182 1077/1259/1182 1078/1262/1182
f 1070/1252/1183 1086/1263/1183 1071/1238/1183
f 1063/1237/1184 1079/1264/1184 1064/1239/1184
f 1072/1240/1185 1086/1263/1185 1087/1265/1185
f 1064/1239/1186 1080/1266/1186 1065/1241/1186
f 1072/1240/1187 1088/1267/1187 1073/1242/1187
f 1066/1243/1188 1080/1266/1188 1081/1268/1188
f 1074/1244/1189 1088/1267/1189 1089/1269/1189
f 1085/1261/1190 1101/1270/1190 1086/1263/1190
f 1078/1262/1191 1094/1271/1191 1079/1264/1191
f 1087/1265/1192 1101/1270/1192 1102/1272/1192
f 1079/1264/1193 1095/1273/1193 1080/1266/1193
f 1087/1265/1194 1103/1274/1194 1088/1267/1194
f 1081/1268/1195 1095/1273/1195 1096/1275/1195
f 1089/1269/1196 1103/1274/1196 1104/1276/1196
f 1081/1268/1197 1097/1277/1197 1082/1253/1197
f 1089/1269/1198 1105/1278/1198 1090/1254/1198
f 1083/1255/1199 1097/1277/1199 1098/1279/1199
f 1090/1254/1200 1106/1280/1200 1091/1256/1200
f 1084/1257/1201 1098/1279/1201 1099/1281/1201
f 1077/1259/1202 1046/1282/1202 1092/1283/1202
f 1272/1284/1203 1091/1256/1203 1106/1280/1203
f 1084/1257/1204 1100/1285/1204 1085/1261/1204
f 1077/1259/1205 1093/1286/1205 1078/1262/1205
f 1104/1276/1206 1120/1287/1206 1105/1278/1206
f 1098/1279/1207 1112/1288/1207 1113/1289/1207
f 1106/1280/1208 1120/1287/1208 1121/1290/1208
f 1099/1281/1209 1113/1289/1209 1114/1291/1209
f 1092/1283/1210 1046/1292/1210 1107/1293/1210
f 1272/1294/1211 1106/1280/1211 1121/1290/1211
f 1099/1281/1212 1115/1295/1212 1100/1285/1212
f 1092/1283/1213 1108/1296/1213 1093/1286/1213
f 1100/1285/1214 1116/1297/1214 1101/1270/1214
f 1094/1271/1215 1108/1296/1215 1109/1298/1215
f 1102/1272/1216 1116/1297/1216 1117/1299/1216
f 1094/1271/1217 1110/1300/1217 1095/1273/1217
f 1102/1272/1218 1118/1301/1218 1103/1274/1218
f 1096/1275/1219 1110/1300/1219 1111/1302/1219
f 1104/1276/1220 1118/1301/1220 1119/1303/1220
f 1096/1275/1221 1112/1288/1221 1097/1277/1221
f 1109/1298/1222 1123/1304/1222 1124/1305/1222
f 1117/1299/1223 1131/1306/1223 1132/1307/1223
f 1109/1298/1224 1125/1308/1224 1110/1300/1224
f 1117/1299/1225 1133/1309/1225 1118/1301/1225
f 1111/1302/1226 1125/1308/1226 1126/1310/1226
f 1119/1303/1227 1133/1309/1227 1134/1311/1227
f 1111/1302/1228 1127/1312/1228 1112/1288/1228
f 1119/1303/1229 1135/1313/1229 1120/1287/1229
f 1113/1289/1230 1127/1312/1230 1128/1314/1230
f 1120/1287/1231 1136/1315/1231 1121/1290/1231
f 1114/1291/1232 1128/1314/1232 1129/1316/1232
f 1107/1293/1233 1046/1317/1233 1122/1318/1233
f 1272/1319/1234 1121/1290/1234 1136/1315/1234
f 1114/1291/1235 1130/1320/1235 1115/1295/1235
f 1107/1293/1236 1123/1304/1236 1108/1296/1236
f 1115/1295/1237 1131/1306/1237 1116/1297/1237
f 1128/1314/1238 1142/1321/1238 1143/1322/1238
f 1136/1315/1239 1150/1323/1239 1151/1324/1239
f 1129/1316/1240 1143/1322/1240 1144/1325/1240
f 1122/1318/1241 1046/1326/1241 1137/1327/1241
f 1272/1328/1242 1136/1315/1242 1151/1324/1242
f 1129/1316/1243 1145/1329/1243 1130/1320/1243
f 1122/1318/1244 1138/1330/1244 1123/1304/1244
f 1130/1320/1245 1146/1331/1245 1131/1306/1245
f 1123/1304/1246 1139/1332/1246 1124/1305/1246
f 1132/1307/1247 1146/1331/1247 1147/1333/1247
f 1124/1305/1248 1140/1334/1248 1125/1308/1248
f 1132/1307/1249 1148/1335/1249 1133/1309/1249
f 1126/1310/1250 1140/1334/1250 1141/1336/1250
f 1133/1309/1251 1149/1337/1251 1134/1311/1251
f 1126/1310/1252 1142/1321/1252 1127/1312/1252
f 1135/1313/1253 1149/1337/1253 1150/1323/1253
f 1147/1333/1254 1161/1338/1254 1162/1339/1254
f 1139/1332/1255 1155/1340/1255 1140/1334/1255
f 1147/1333/1256 1163/1341/1256 1148/1335/1256
f 1141/1336/1257 1155/1340/1257 1156/1342/1257
f 1149/1337/1258 1163/1341/1258 1164/1343/1258
f 1141/1336/1259 1157/1344/1259 1142/1321/1259
f 1149/1337/1260 1165/1345/1260 1150/1323/1260
f 1143/1322/1261 1157/1344/1261 1158/1346/1261
f 1150/1323/1262 1166/1347/1262 1151/1324/1262
f 1144/1325/1263 1158/1346/1263 1159/1348/1263
f 1137/1327/1264 1046/1349/1264 1152/1350/1264
f 1272/1351/1265 1151/1324/1265 1166/1347/1265
f 1144/1325/1266 1160/1352/1266 1145/1329/1266
f 1138/1330/1267 1152/1350/1267 1153/1353/1267
f 1145/1329/1268 1161/1338/1268 1146/1331/1268
f 1139/1332/1269 1153/1353/1269 1154/1354/1269
f 1165/1345/1270 1181/1355/1270 1166/1347/1270
f 1159/1348/1271 1173/1356/1271 1174/1357/1271
f 1152/1350/1272 1046/1358/1272 1167/1359/1272
f 1272/1360/1273 1166/1347/1273 1181/1355/1273
f 1159/1348/1274 1175/1361/1274 1160/1352/1274
f 1152/1350/1275 1168/1362/1275 1153/1353/1275
f 1160/1352/1276 1176/1363/1276 1161/1338/1276
f 1153/1353/1277 1169/1364/1277 1154/1354/1277
f 1162/1339/1278 1176/1363/1278 1177/1365/1278
f 1154/1354/1279 1170/1366/1279 1155/1340/1279
f 1162/1339/1280 1178/1367/1280 1163/1341/1280
f 1156/1342/1281 1170/1366/1281 1171/1368/1281
f 1164/1343/1282 1178/1367/1282 1179/1369/1282
f 1156/1342/1283 1172/1370/1283 1157/1344/1283
f 1164/1343/1284 1180/1371/1284 1165/1345/1284
f 1158/1346/1285 1172/1370/1285 1173/1356/1285
f 1177/1365/1286 1193/1372/1286 1178/1367/1286
f 1171/1368/1287 1185/1373/1287 1186/1374/1287
f 1179/1369/1288 1193/1372/1288 1194/1375/1288
f 1171/1368/1289 1187/1376/1289 1172/1370/1289
f 1179/1369/1290 1195/1377/1290 1180/1371/1290
f 1173/1356/1291 1187/1376/1291 1188/1378/1291
f 1180/1371/1292 1196/1379/1292 1181/1355/1292
f 1174/1357/1293 1188/1378/1293 1189/1380/1293
f 1167/1359/1294 1046/1381/1294 1182/1382/1294
f 1272/1383/1295 1181/1355/1295 1196/1379/1295
f 1174/1357/1296 1190/1384/1296 1175/1361/1296
f 1167/1359/1297 1183/1385/1297 1168/1362/1297
f 1175/1361/1298 1191/1386/1298 1176/1363/1298
f 1168/1362/1299 1184/1387/1299 1169/1364/1299
f 1177/1365/1300 1191/1386/1300 1192/1388/1300
f 1169/1364/1301 1185/1373/1301 1170/1366/1301
f 1182/1382/1302 1046/1389/1302 1197/1390/1302
f 1272/1391/1303 1196/1379/1303 1211/1392/1303
f 1189/1380/1304 1205/1393/1304 1190/1384/1304
f 1182/1382/1305 1198/1394/1305 1183/1385/1305
f 1190/1384/1306 1206/1395/1306 1191/1386/1306
f 1184/1387/1307 1198/1394/1307 1199/1396/1307
f 1192/1388/1308 1206/1395/1308 1207/1397/1308
f 1184/1387/1309 1200/1398/1309 1185/1373/1309
f 1192/1388/1310 1208/1399/1310 1193/1372/1310
f 1186/1374/1311 1200/1398/1311 1201/1400/1311
f 1194/1375/1312 1208/1399/1312 1209/1401/1312
f 1186/1374/1313 1202/1402/1313 1187/1376/1313
f 1194/1375/1314 1210/1403/1314 1195/1377/1314
f 1188/1378/1315 1202/1402/1315 1203/1404/1315
f 1196/1379/1316 1210/1403/1316 1211/1392/1316
f 1189/1380/1317 1203/1404/1317 1204/1405/1317
f 1201/1400/1318 1215/1406/1318 1216/1407/1318
f 1209/1401/1319 1223/1408/1319 1224/1409/1319
f 1201/1400/1320 1217/1410/1320 1202/1402/1320
f 1209/1401/1321 1225/1411/1321 1210/1403/1321
f 1203/1404/1322 1217/1410/1322 1218/1412/1322
f 1210/1403/1323 1226/1413/1323 1211/1392/1323
f 1204/1405/1324 1218/1412/1324 1219/1414/1324
f 1197/1390/1325 1046/1415/1325 1212/1416/1325
f 1272/1417/1326 1211/1392/1326 1226/1413/1326
f 1204/1405/1327 1220/1418/1327 1205/1393/1327
f 1197/1390/1328 1213/1419/1328 1198/1394/1328
f 1205/1393/1329 1221/1420/1329 1206/1395/1329
f 1198/1394/1330 1214/1421/1330 1199/1396/1330
f 1207/1397/1331 1221/1420/1331 1222/1422/1331
f 1199/1396/1332 1215/1406/1332 1200/1398/1332
f 1207/1397/1333 1223/1408/1333 1208/1399/1333
f 1219/1414/1334 1235/1423/1334 1220/1418/1334
f 1213/1419/1335 1227/1424/1335 1228/1425/1335
f 1220/1418/1336 1236/1426/1336 1221/1420/1336
f 1213/1419/1337 1229/1427/1337 1214/1421/1337
f 1222/1422/1338 1236/1426/1338 1237/1428/1338
f 1214/1421/1339 1230/1429/1339 1215/1406/1339
f 1222/1422/1340 1238/1430/1340 1223/1408/1340
f 1216/1407/1341 1230/1429/1341 1231/1431/1341
f 1224/1409/1342 1238/1430/1342 1239/1432/1342
f 1216/1407/1343 1232/1433/1343 1217/1410/1343
f 1224/1409/1344 1240/1434/1344 1225/1411/1344
f 1218/1412/1345 1232/1433/1345 1233/1435/1345
f 1225/1411/1346 1241/1436/1346 1226/1413/1346
f 1219/1414/1347 1233/1435/1347 1234/1437/1347
f 1212/1416/1348 1046/1438/1348 1227/1424/1348
f 1272/1439/1349 1226/1413/1349 1241/1436/1349
f 1239/1432/1350 1253/1440/1350 1254/1441/1350
f 1231/1431/1351 1247/1442/1351 1232/1433/1351
f 1239/1432/1352 1255/1443/1352 1240/1434/1352
f 1233/1435/1353 1247/1442/1353 1248/1444/1353
f 1241/1436/1354 1255/1443/1354 1256/1445/1354
f 1234/1437/1355 1248/1444/1355 1249/1446/1355
f 1227/1424/1356 1046/1447/1356 1242/1448/1356
f 1272/1449/1357 1241/1436/1357 1256/1445/1357
f 1234/1437/1358 1250/1450/1358 1235/1423/1358
f 1228/1425/1359 1242/1448/1359 1243/1451/1359
f 1235/1423/1360 1251/1452/1360 1236/1426/1360
f 1228/1425/1361 1244/1453/1361 1229/1427/1361
f 1237/1428/1362 1251/1452/1362 1252/1454/1362
f 1229/1427/1363 1245/1455/1363 1230/1429/1363
f 1237/1428/1364 1253/1440/1364 1238/1430/1364
f 1231/1431/1365 1245/1455/1365 1246/1456/1365
f 1242/1448/1366 1258/1457/1366 1243/1451/1366
f 1250/1450/1367 1266/1458/1367 1251/1452/1367
f 1243/1451/1368 1259/1459/1368 1244/1453/1368
f 1252/1454/1369 1266/1458/1369 1267/1460/1369
f 1244/1453/1370 1260/1461/1370 1245/1455/1370
f 1252/1454/1371 1268/1462/1371 1253/1440/1371
f 1246/1456/1372 1260/1461/1372 1261/1463/1372
f 1254/1441/1373 1268/1462/1373 1269/1464/1373
f 1246/1456/1374 1262/1465/1374 1247/1442/1374
f 1254/1441/1375 1270/1466/1375 1255/1443/1375
f 1248/1444/1376 1262/1465/1376 1263/1467/1376
f 1256/1445/1377 1270/1466/1377 1271/1468/1377
f 1249/1446/1378 1263/1467/1378 1264/1469/1378
f 1242/1448/1379 1046/1470/1379 1257/1471/1379
f 1272/1472/1380 1256/1445/1380 1271/1468/1380
f 1249/1446/1381 1265/1473/1381 1250/1450/1381
f 1261/1463/1382 1278/1474/1382 1262/1465/1382
f 1269/1464/1383 1286/1475/1383 1270/1466/1383
f 1263/1467/1384 1278/1474/1384 1279/1476/1384
f 1270/1466/1385 1287/1477/1385 1271/1468/1385
f 1264/1469/1386 1279/1476/1386 1280/1478/1386
f 1257/1471/1387 1046/1479/1387 1273/1480/1387
f 1272/1481/1388 1271/1468/1388 1287/1477/1388
f 1264/1469/1389 1281/1482/1389 1265/1473/1389
f 1257/1471/1390 1274/1483/1390 1258/1457/1390
f 1265/1473/1391 1282/1484/1391 1266/1458/1391
f 1258/1457/1392 1275/1485/1392 1259/1459/1392
f 1267/1460/1393 1282/1484/1393 1283/1486/1393
f 1259/1459/1394 1276/1487/1394 1260/1461/1394
f 1267/1460/1395 1284/1488/1395 1268/1462/1395
f 1261/1463/1396 1276/1487/1396 1277/1489/1396
f 1269/1464/1397 1284/1488/1397 1285/1490/1397
f 1281/1482/1398 1297/1491/1398 1282/1484/1398
f 1274/1483/1399 1290/1492/1399 1275/1485/1399
f 1283/1486/1400 1297/1491/1400 1298/1493/1400
f 1275/1485/1401 1291/1494/1401 1276/1487/1401
f 1283/1486/1402 1299/1495/1402 1284/1488/1402
f 1276/1487/1403 1292/1496/1403 1277/1489/1403
f 1285/1490/1404 1299/1495/1404 1300/1497/1404
f 1277/1489/1405 1293/1498/1405 1278/1474/1405
f 1285/1490/1406 1301/1499/1406 1286/1475/1406
f 1279/1476/1407 1293/1498/1407 1294/1500/1407
f 1286/1475/1408 1302/1501/1408 1287/1477/1408
f 1280/1478/1409 1294/1500/1409 1295/1502/1409
f 1273/1480/1410 1046/1503/1410 1288/1504/1410
f 1272/1505/1411 1287/1477/1411 1302/1501/1411
f 1280/1478/1412 1296/1506/1412 1281/1482/1412
f 1273/1480/1413 1289/1507/1413 1274/1483/1413
f 1300/1497/1414 1316/1508/1414 1301/1499/1414
f 1294/1500/1415 1308/1509/1415 1309/1510/1415
f 1301/1499/1416 1317/1511/1416 1302/1501/1416
f 1295/1502/1417 1309/1510/1417 1310/1512/1417
f 1288/1504/1418 1046/1513/1418 1303/1514/1418
f 1272/1515/1419 1302/1501/1419 1317/1511/1419
f 1295/1502/1420 1311/1516/1420 1296/1506/1420
f 1288/1504/1421 1304/1517/1421 1289/1507/1421
f 1296/1506/1422 1312/1518/1422 1297/1491/1422
f 1289/1507/1423 1305/1519/1423 1290/1492/1423
f 1298/1493/1424 1312/1518/1424 1313/1520/1424
f 1290/1492/1425 1306/1521/1425 1291/1494/1425
f 1298/1493/1426 1314/1522/1426 1299/1495/1426
f 1292/1496/1427 1306/1521/1427 1307/1523/1427
f 1300/1497/1428 1314/1522/1428 1315/1524/1428
f 1292/1496/1429 1308/1509/1429 1293/1498/1429
f 1313/1520/1430 1327/1525/1430 1328/1526/1430
f 1305/1519/1431 1321/1527/1431 1306/1521/1431
f 1313/1520/1432 1329/1528/1432 1314/1522/1432
f 1307/1523/1433 1321/1527/1433 1322/1529/1433
f 1315/1524/1434 1329/1528/1434 1330/1530/1434
f 1307/1523/1435 1323/1531/1435 1308/1509/1435
f 1315/1524/1436 1331/1532/1436 1316/1508/1436
f 1309/1510/1437 1323/1531/1437 1324/1533/1437
f 1316/1508/1438 1332/1534/1438 1317/1511/1438
f 1310/1512/1439 1324/1533/1439 1325/1535/1439
f 1303/1514/1440 1046/1536/1440 1318/1537/1440
f 1272/1538/1441 1317/1511/1441 1332/1534/1441
f 1310/1512/1442 1326/1539/1442 1311/1516/1442
f 1303/1514/1443 1319/1540/1443 1304/1517/1443
f 1311/1516/1444 1327/1525/1444 1312/1518/1444
f 1305/1519/1445 1319/1540/1445 1320/1541/1445
f 1331/1542/1446 1347/1543/1446 1332/1544/1446
f 1325/1545/1447 1339/1546/1447 1340/1547/1447
f 1318/1548/1448 1046/1549/1448 1333/1550/1448
f 1272/1551/1449 1332/1544/1449 1347/1543/1449
f 1325/1545/1450 1341/1552/1450 1326/1553/1450
f 1318/1548/1451 1334/1554/1451 1319/1555/1451
f 1326/1553/1452 1342/1556/1452 1327/1557/1452
f 1320/1558/1453 1334/1554/1453 1335/1559/1453
f 1328/1560/1454 1342/1556/1454 1343/1561/1454
f 1320/1558/1455 1336/1562/1455 1321/1563/1455
f 1328/1560/1456 1344/1564/1456 1329/1565/1456
f 1322/1566/1457 1336/1562/1457 1337/1567/1457
f 1330/1568/1458 1344/1564/1458 1345/1569/1458
f 1322/1566/1459 1338/1570/1459 1323/1571/1459
f 1330/1568/1460 1346/1572/1460 1331/1542/1460
f 1324/1573/1461 1338/1570/1461 1339/1546/1461
f 1335/1559/1462 1351/1574/1462 1336/1562/1462
f 1343/1561/1463 1359/1575/1463 1344/1564/1463
f 1337/1567/1464 1351/1574/1464 1352/1576/1464
f 1345/1569/1465 1359/1575/1465 1360/1577/1465
f 1337/1567/1466 1353/1578/1466 1338/1570/1466
f 1345/1569/1467 1361/1579/1467 1346/1572/1467
f 1339/1546/1468 1353/1578/1468 1354/1580/1468
f 1346/1572/1469 1362/1581/1469 1347/1543/1469
f 1340/1547/1470 1354/1580/1470 1355/1582/1470
f 1333/1550/1471 1046/1583/1471 1348/1584/1471
f 1272/1585/1472 1347/1543/1472 1362/1581/1472
f 1340/1547/1473 1356/1586/1473 1341/1552/1473
f 1333/1550/1474 1349/1587/1474 1334/1554/1474
f 1341/1552/1475 1357/1588/1475 1342/1556/1475
f 1335/1559/1476 1349/1587/1476 1350/1589/1476
f 1343/1561/1477 1357/1588/1477 1358/1590/1477
f 1355/1582/1478 1369/1591/1478 1370/1592/1478
f 1348/1584/1479 1046/1593/1479 1363/1594/1479
f 1272/1595/1480 1362/1581/1480 1377/1596/1480
f 1355/1582/1481 1371/1597/1481 1356/1586/1481
f 1349/1587/1482 1363/1594/1482 1364/1598/1482
f 1356/1586/1483 1372/1599/1483 1357/1588/1483
f 1349/1587/1484 1365/1600/1484 1350/1589/1484
f 1358/1590/1485 1372/1599/1485 1373/1601/1485
f 1350/1589/1486 1366/1602/1486 1351/1574/1486
f 1358/1590/1487 1374/1603/1487 1359/1575/1487
f 1352/1576/1488 1366/1602/1488 1367/1604/1488
f 1360/1577/1489 1374/1603/1489 1375/1605/1489
f 1352/1576/1490 1368/1606/1490 1353/1578/1490
f 1361/1579/1491 1375/1605/1491 1376/1607/1491
f 1354/1580/1492 1368/1606/1492 1369/1591/1492
f 1361/1579/1493 1377/1596/1493 1362/1581/1493
f 1373/1601/1494 1389/1608/1494 1374/1603/1494
f 1367/1604/1495 1381/1609/1495 1382/1610/1495
f 1375/1605/1496 1389/1608/1496 1390/1611/1496
f 1367/1604/1497 1383/1612/1497 1368/1606/1497
f 1375/1605/1498 1391/1613/1498 1376/1607/1498
f 1369/1591/1499 1383/1612/1499 1384/1614/1499
f 1376/1607/1500 1392/1615/1500 1377/1596/1500
f 1370/1592/1501 1384/1614/1501 1385/1616/1501
f 1363/1594/1502 1046/1617/1502 1378/1618/1502
f 1272/1619/1503 1377/1596/1503 1392/1615/1503
f 1370/1592/1504 1386/1620/1504 1371/1597/1504
f 1363/1594/1505 1379/1621/1505 1364/1598/1505
f 1371/1597/1506 1387/1622/1506 1372/1599/1506
f 1365/1600/1507 1379/1621/1507 1380/1623/1507
f 1373/1601/1508 1387/1622/1508 1388/1624/1508
f 1365/1600/1509 1381/1609/1509 1366/1602/1509
f 1378/1618/1510 1046/1625/1510 1393/1626/1510
f 1272/1627/1511 1392/1615/1511 1407/1628/1511
f 1385/1616/1512 1401/1629/1512 1386/1620/1512
f 1378/1618/1513 1394/1630/1513 1379/1621/1513
f 1386/1620/1514 1402/1631/1514 1387/1622/1514
f 1380/1623/1515 1394/1630/1515 1395/1632/1515
f 1388/1624/1516 1402/1631/1516 1403/1633/1516
f 1380/1623/1517 1396/1634/1517 1381/1609/1517
f 1388/1624/1518 1404/1635/1518 1389/1608/1518
f 1382/1610/1519 1396/1634/1519 1397/1636/1519
f 1390/1611/1520 1404/1635/1520 1405/1637/1520
f 1382/1610/1521 1398/1638/1521 1383/1612/1521
f 1390/1611/1522 1406/1639/1522 1391/1613/1522
f 1384/1614/1523 1398/1638/1523 1399/1640/1523
f 1391/1613/1524 1407/1628/1524 1392/1615/1524
f 1385/1616/1525 1399/1640/1525 1400/1641/1525
f 1397/1636/1526 1411/1642/1526 1412/1643/1526
f 1405/1637/1527 1419/1644/1527 1420/1645/1527
f 1397/1636/1528 1413/1646/1528 1398/1638/1528
f 1405/1637/1529 1421/1647/1529 1406/1639/1529
f 1399/1640/1530 1413/1646/1530 1414/1648/1530
f 1406/1639/1531 1422/1649/1531 1407/1628/1531
f 1400/1641/1532 1414/1648/1532 1415/1650/1532
f 1393/1626/1533 1046/1651/1533 1408/1652/1533
f 1272/1653/1534 1407/1628/1534 1422/1649/1534
f 1400/1641/1535 1416/1654/1535 1401/1629/1535
f 1394/1630/1536 1408/1652/1536 1409/1655/1536
f 1401/1629/1537 1417/1656/1537 1402/1631/1537
f 1394/1630/1538 1410/1657/1538 1395/1632/1538
f 1403/1633/1539 1417/1656/1539 1418/1658/1539
f 1395/1632/1540 1411/1642/1540 1396/1634/1540
f 1403/1633/1541 1419/1644/1541 1404/1635/1541
f 1415/1650/1542 1431/1659/1542 1416/1654/1542
f 1408/1652/1543 1424/1660/1543 1409/1655/1543
f 1416/1654/1544 1432/1661/1544 1417/1656/1544
f 1410/1657/1545 1424/1660/1545 1425/1662/1545
f 1418/1658/1546 1432/1661/1546 1433/1663/1546
f 1410/1657/1547 1426/1664/1547 1411/1642/1547
f 1418/1658/1548 1434/1665/1548 1419/1644/1548
f 1412/1643/1549 1426/1664/1549 1427/1666/1549
f 1420/1645/1550 1434/1665/1550 1435/1667/1550
f 1412/1643/1551 1428/1668/1551 1413/1646/1551
f 1420/1645/1552 1436/1669/1552 1421/1647/1552
f 1414/1648/1553 1428/1668/1553 1429/1670/1553
f 1422/1649/1554 1436/1669/1554 1437/1671/1554
f 1415/1650/1555 1429/1670/1555 1430/1672/1555
f 1408/1652/1556 1046/1673/1556 1423/1674/1556
f 1272/1675/1557 1422/1649/1557 1437/1671/1557
f 1435/1667/1558 1443/1119/1558 1444/1121/1558
f 1428/1668/1559 966/1150/1559 1441/1122/1559
f 1435/1667/1560 1445/1126/1560 1436/1669/1560
f 1429/1670/1561 1441/1122/1561 967/1127/1561
f 1436/1669/1562 1446/1130/1562 1437/1671/1562
f 1430/1672/1563 967/1127/1563 968/1132/1563
f 1423/1674/1564 1046/1676/1564 1438/1133/1564
f 1272/1677/1565 1437/1671/1565 1446/1130/1565
f 1430/1672/1566 969/1138/1566 1431/1659/1566
f 1424/1660/1567 1438/1133/1567 1439/1139/1567
f 1431/1659/1568 1442/1142/1568 1432/1661/1568
f 1425/1662/1569 1439/1139/1569 965/1143/1569
f 1432/1661/1570 970/1146/1570 1433/1663/1570
f 1426/1664/1571 965/1143/1571 1440/1147/1571
f 1433/1663/1572 1443/1119/1572 1434/1665/1572
f 1427/1666/1573 1440/1147/1573 966/1150/1573
f 1443/1119/1062 982/1149/1062 983/1120/1062
f 1441/1122/1063 966/1150/1063 975/1123/1063
f 1444/1121/1064 983/1120/1064 984/1125/1064
f 967/1127/1065 1441/1122/1065 976/1124/1065
f 1445/1126/1066 984/1125/1066 985/1129/1066
f 967/1127/1574 977/1128/1574 978/1131/1574
f 968/1132/1575 978/1131/1575 979/1137/1575
f 1439/1139/1071 1438/1133/1071 971/1135/1071
f 969/1138/1072 979/1137/1072 980/1141/1072
f 965/1143/1073 1439/1139/1073 972/1140/1073
f 1442/1142/1074 980/1141/1074 981/1145/1074
f 1440/1147/1075 965/1143/1075 973/1144/1075
f 970/1146/1076 981/1145/1076 982/1149/1076
f 966/1150/1077 1440/1147/1077 974/1148/1077
f 973/1144/1078 988/1166/1078 989/1151/1078
f 981/1145/1079 996/1167/1079 997/1152/1079
f 974/1148/1080 989/1151/1080 990/1153/1080
f 983/1120/1081 982/1149/1081 997/1152/1081
f 975/1123/1082 990/1153/1082 991/1155/1082
f 984/1125/1083 983/1120/1083 998/1154/1083
f 977/1128/1084 976/1124/1084 991/1155/1084
f 984/1125/1085 999/1156/1085 1000/1158/1085
f 977/1128/1086 992/1157/1086 993/1159/1086
f 978/1131/1089 993/1159/1089 994/1163/1089
f 971/1135/1090 986/1161/1090 987/1164/1090
f 979/1137/1091 994/1163/1091 995/1165/1091
f 972/1140/1092 987/1164/1092 988/1166/1092
f 980/1141/1093 995/1165/1093 996/1167/1093
f 992/1157/1094 1007/1184/1094 1008/1168/1094
f 994/1163/1097 993/1159/1097 1008/1168/1097
f 986/1161/1098 1001/1170/1098 1002/1174/1098
f 994/1163/1099 1009/1173/1099 1010/1175/1099
f 987/1164/1576 1002/1174/1576 1003/1176/1576
f 996/1167/1101 995/1165/1101 1010/1175/1101
f 988/1166/1102 1003/1176/1102 1004/1178/1102
f 997/1152/1103 996/1167/1103 1011/1177/1103
f 989/1151/1104 1004/1178/1104 1005/1180/1104
f 998/1154/1105 997/1152/1105 1012/1179/1105
f 990/1153/1106 1005/1180/1106 1006/1182/1106
f 998/1154/1577 1013/1181/1577 1014/1183/1577
f 991/1155/1108 1006/1182/1108 1007/1184/1108
f 999/1156/1109 1014/1183/1109 1015/1172/1109
f 1011/1177/1110 1026/1200/1110 1027/1185/1110
f 1004/1178/1111 1019/1201/1111 1020/1186/1111
f 1012/1179/1112 1027/1185/1112 1028/1187/1112
f 1005/1180/1113 1020/1186/1113 1021/1188/1113
f 1013/1181/1114 1028/1187/1114 1029/1189/1114
f 1007/1184/1115 1006/1182/1115 1021/1188/1115
f 1014/1183/1116 1029/1189/1116 1030/1191/1116
f 1008/1168/1117 1007/1184/1117 1022/1190/1117
f 1008/1168/1120 1023/1192/1120 1024/1196/1120
f 1001/1170/1121 1016/1194/1121 1017/1197/1121
f 1009/1173/1122 1024/1196/1122 1025/1198/1122
f 1002/1174/1123 1017/1197/1123 1018/1199/1123
f 1011/1177/1124 1010/1175/1124 1025/1198/1124
f 1003/1176/1125 1018/1199/1125 1019/1201/1125
f 1023/1192/1127 1038/1216/1127 1039/1204/1127
f 1016/1194/1128 1031/1218/1128 1032/1205/1128
f 1024/1196/1129 1039/1204/1129 1040/1206/1129
f 1017/1197/1130 1032/1205/1130 1033/1207/1130
f 1026/1200/1131 1025/1198/1131 1040/1206/1131
f 1018/1199/1132 1033/1207/1132 1034/1209/1132
f 1026/1200/1133 1041/1208/1133 1042/1210/1133
f 1020/1186/1134 1019/1201/1134 1034/1209/1134
f 1027/1185/1135 1042/1210/1135 1043/1212/1135
f 1020/1186/1136 1035/1211/1136 1036/1213/1136
f 1029/1189/1137 1028/1187/1137 1043/1212/1137
f 1022/1190/1138 1021/1188/1138 1036/1213/1138
f 1029/1189/1578 1044/1214/1578 1045/1203/1578
f 1023/1192/1140 1022/1190/1140 1037/1215/1140
f 1042/1210/1142 1058/1234/1142 1059/1219/1142
f 1035/1211/1143 1051/1235/1143 1052/1220/1143
f 1043/1212/1144 1059/1219/1144 1060/1221/1144
f 1037/1215/1145 1036/1213/1145 1052/1220/1145
f 1045/1203/1146 1044/1214/1146 1060/1221/1146
f 1038/1216/1147 1037/1215/1147 1053/1222/1147
f 1038/1216/1150 1054/1224/1150 1055/1228/1150
f 1031/1218/1151 1047/1226/1151 1048/1229/1151
f 1039/1204/1152 1055/1228/1152 1056/1230/1152
f 1032/1205/1153 1048/1229/1153 1049/1231/1153
f 1041/1208/1154 1040/1206/1154 1056/1230/1154
f 1033/1207/1155 1049/1231/1155 1050/1233/1155
f 1041/1208/1156 1057/1232/1156 1058/1234/1156
f 1035/1211/1157 1034/1209/1157 1050/1233/1157
f 1048/1229/1158 1047/1226/1158 1062/1236/1158
f 1055/1228/1159 1070/1252/1159 1071/1238/1159
f 1048/1229/1160 1063/1237/1160 1064/1239/1160
f 1057/1232/1161 1056/1230/1161 1071/1238/1161
f 1049/1231/1162 1064/1239/1162 1065/1241/1162
f 1057/1232/1163 1072/1240/1163 1073/1242/1163
f 1051/1235/1164 1050/1233/1164 1065/1241/1164
f 1059/1219/1165 1058/1234/1165 1073/1242/1165
f 1051/1235/1166 1066/1243/1166 1067/1245/1166
f 1060/1221/1167 1059/1219/1167 1074/1244/1167
f 1053/1222/1168 1052/1220/1168 1067/1245/1168
f 1060/1221/1169 1075/1246/1169 1076/1248/1169
f 1054/1224/1170 1053/1222/1170 1068/1247/1170
f 1054/1224/1173 1069/1249/1173 1070/1252/1173
f 1066/1243/1174 1081/1268/1174 1082/1253/1174
f 1074/1244/1175 1089/1269/1175 1090/1254/1175
f 1068/1247/1176 1067/1245/1176 1082/1253/1176
f 1075/1246/1177 1090/1254/1177 1091/1256/1177
f 1069/1249/1178 1068/1247/1178 1083/1255/1178
f 1069/1249/1181 1084/1257/1181 1085/1261/1181
f 1063/1237/1182 1062/1236/1182 1077/1259/1182
f 1070/1252/1183 1085/1261/1183 1086/1263/1183
f 1063/1237/1184 1078/1262/1184 1079/1264/1184
f 1072/1240/1185 1071/1238/1185 1086/1263/1185
f 1064/1239/1186 1079/1264/1186 1080/1266/1186
f 1072/1240/1187 1087/1265/1187 1088/1267/1187
f 1066/1243/1188 1065/1241/1188 1080/1266/1188
f 1074/1244/1189 1073/1242/1189 1088/1267/1189
f 1085/1261/1190 1100/1285/1190 1101/1270/1190
f 1078/1262/1191 1093/1286/1191 1094/1271/1191
f 1087/1265/1192 1086/1263/1192 1101/1270/1192
f 1079/1264/1193 1094/1271/1193 1095/1273/1193
f 1087/1265/1194 1102/1272/1194 1103/1274/1194
f 1081/1268/1195 1080/1266/1195 1095/1273/1195
f 1089/1269/1196 1088/1267/1196 1103/1274/1196
f 1081/1268/1197 1096/1275/1197 1097/1277/1197
f 1089/1269/1198 1104/1276/1198 1105/1278/1198
f 1083/1255/1199 1082/1253/1199 1097/1277/1199
f 1090/1254/1200 1105/1278/1200 1106/1280/1200
f 1084/1257/1201 1083/1255/1201 1098/1279/1201
f 1084/1257/1204 1099/1281/1204 1100/1285/1204
f 1077/1259/1205 1092/1283/1205 1093/1286/1205
f 1104/1276/1206 1119/1303/1206 1120/1287/1206
f 1098/1279/1207 1097/1277/1207 1112/1288/1207
f 1106/1280/1208 1105/1278/1208 1120/1287/1208
f 1099/1281/1209 1098/1279/1209 1113/1289/1209
f 1099/1281/1212 1114/1291/1212 1115/1295/1212
f 1092/1283/1213 1107/1293/1213 1108/1296/1213
f 1100/1285/1214 1115/1295/1214 1116/1297/1214
f 1094/1271/1215 1093/1286/1215 1108/1296/1215
f 1102/1272/1216 1101/1270/1216 1116/1297/1216
f 1094/1271/1217 1109/1298/1217 1110/1300/1217
f 1102/1272/1218 1117/1299/1218 1118/1301/1218
f 1096/1275/1219 1095/1273/1219 1110/1300/1219
f 1104/1276/1220 1103/1274/1220 1118/1301/1220
f 1096/1275/1221 1111/1302/1221 1112/1288/1221
f 1109/1298/1579 1108/1296/1579 1123/1304/1579
f 1117/1299/1223 1116/1297/1223 1131/1306/1223
f 1109/1298/1224 1124/1305/1224 1125/1308/1224
f 1117/1299/1225 1132/1307/1225 1133/1309/1225
f 1111/1302/1226 1110/1300/1226 1125/1308/1226
f 1119/1303/1227 1118/1301/1227 1133/1309/1227
f 1111/1302/1228 1126/1310/1228 1127/1312/1228
f 1119/1303/1580 1134/1311/1580 1135/1313/1580
f 1113/1289/1230 1112/1288/1230 1127/1312/1230
f 1120/1287/1231 1135/1313/1231 1136/1315/1231
f 1114/1291/1232 1113/1289/1232 1128/1314/1232
f 1114/1291/1235 1129/1316/1235 1130/1320/1235
f 1107/1293/1581 1122/1318/1581 1123/1304/1581
f 1115/1295/1237 1130/1320/1237 1131/1306/1237
f 1128/1314/1238 1127/1312/1238 1142/1321/1238
f 1136/1315/1239 1135/1313/1239 1150/1323/1239
f 1129/1316/1240 1128/1314/1240 1143/1322/1240
f 1129/1316/1243 1144/1325/1243 1145/1329/1243
f 1122/1318/1244 1137/1327/1244 1138/1330/1244
f 1130/1320/1245 1145/1329/1245 1146/1331/1245
f 1123/1304/1246 1138/1330/1246 1139/1332/1246
f 1132/1307/1247 1131/1306/1247 1146/1331/1247
f 1124/1305/1248 1139/1332/1248 1140/1334/1248
f 1132/1307/1249 1147/1333/1249 1148/1335/1249
f 1126/1310/1250 1125/1308/1250 1140/1334/1250
f 1133/1309/1251 1148/1335/1251 1149/1337/1251
f 1126/1310/1252 1141/1336/1252 1142/1321/1252
f 1135/1313/1253 1134/1311/1253 1149/1337/1253
f 1147/1333/1254 1146/1331/1254 1161/1338/1254
f 1139/1332/1255 1154/1354/1255 1155/1340/1255
f 1147/1333/1256 1162/1339/1256 1163/1341/1256
f 1141/1336/1257 1140/1334/1257 1155/1340/1257
f 1149/1337/1258 1148/1335/1258 1163/1341/1258
f 1141/1336/1259 1156/1342/1259 1157/1344/1259
f 1149/1337/1260 1164/1343/1260 1165/1345/1260
f 1143/1322/1261 1142/1321/1261 1157/1344/1261
f 1150/1323/1262 1165/1345/1262 1166/1347/1262
f 1144/1325/1263 1143/1322/1263 1158/1346/1263
f 1144/1325/1266 1159/1348/1266 1160/1352/1266
f 1138/1330/1267 1137/1327/1267 1152/1350/1267
f 1145/1329/1268 1160/1352/1268 1161/1338/1268
f 1139/1332/1269 1138/1330/1269 1153/1353/1269
f 1165/1345/1270 1180/1371/1270 1181/1355/1270
f 1159/1348/1271 1158/1346/1271 1173/1356/1271
f 1159/1348/1274 1174/1357/1274 1175/1361/1274
f 1152/1350/1275 1167/1359/1275 1168/1362/1275
f 1160/1352/1276 1175/1361/1276 1176/1363/1276
f 1153/1353/1277 1168/1362/1277 1169/1364/1277
f 1162/1339/1278 1161/1338/1278 1176/1363/1278
f 1154/1354/1279 1169/1364/1279 1170/1366/1279
f 1162/1339/1280 1177/1365/1280 1178/1367/1280
f 1156/1342/1281 1155/1340/1281 1170/1366/1281
f 1164/1343/1282 1163/1341/1282 1178/1367/1282
f 1156/1342/1283 1171/1368/1283 1172/1370/1283
f 1164/1343/1582 1179/1369/1582 1180/1371/1582
f 1158/1346/1285 1157/1344/1285 1172/1370/1285
f 1177/1365/1286 1192/1388/1286 1193/1372/1286
f 1171/1368/1287 1170/1366/1287 1185/1373/1287
f 1179/1369/1288 1178/1367/1288 1193/1372/1288
f 1171/1368/1289 1186/1374/1289 1187/1376/1289
f 1179/1369/1290 1194/1375/1290 1195/1377/1290
f 1173/1356/1291 1172/1370/1291 1187/1376/1291
f 1180/1371/1292 1195/1377/1292 1196/1379/1292
f 1174/1357/1293 1173/1356/1293 1188/1378/1293
f 1174/1357/1296 1189/1380/1296 1190/1384/1296
f 1167/1359/1297 1182/1382/1297 1183/1385/1297
f 1175/1361/1298 1190/1384/1298 1191/1386/1298
f 1168/1362/1299 1183/1385/1299 1184/1387/1299
f 1177/1365/1300 1176/1363/1300 1191/1386/1300
f 1169/1364/1301 1184/1387/1301 1185/1373/1301
f 1189/1380/1304 1204/1405/1304 1205/1393/1304
f 1182/1382/1305 1197/1390/1305 1198/1394/1305
f 1190/1384/1306 1205/1393/1306 1206/1395/1306
f 1184/1387/1307 1183/1385/1307 1198/1394/1307
f 1192/1388/1308 1191/1386/1308 1206/1395/1308
f 1184/1387/1309 1199/1396/1309 1200/1398/1309
f 1192/1388/1310 1207/1397/1310 1208/1399/1310
f 1186/1374/1311 1185/1373/1311 1200/1398/1311
f 1194/1375/1312 1193/1372/1312 1208/1399/1312
f 1186/1374/1313 1201/1400/1313 1202/1402/1313
f 1194/1375/1314 1209/1401/1314 1210/1403/1314
f 1188/1378/1315 1187/1376/1315 1202/1402/1315
f 1196/1379/1316 1195/1377/1316 1210/1403/1316
f 1189/1380/1317 1188/1378/1317 1203/1404/1317
f 1201/1400/1318 1200/1398/1318 1215/1406/1318
f 1209/1401/1319 1208/1399/1319 1223/1408/1319
f 1201/1400/1320 1216/1407/1320 1217/1410/1320
f 1209/1401/1321 1224/1409/1321 1225/1411/1321
f 1203/1404/1322 1202/1402/1322 1217/1410/1322
f 1210/1403/1323 1225/1411/1323 1226/1413/1323
f 1204/1405/1583 1203/1404/1583 1218/1412/1583
f 1204/1405/1584 1219/1414/1584 1220/1418/1584
f 1197/1390/1328 1212/1416/1328 1213/1419/1328
f 1205/1393/1329 1220/1418/1329 1221/1420/1329
f 1198/1394/1330 1213/1419/1330 1214/1421/1330
f 1207/1397/1331 1206/1395/1331 1221/1420/1331
f 1199/1396/1332 1214/1421/1332 1215/1406/1332
f 1207/1397/1333 1222/1422/1333 1223/1408/1333
f 1219/1414/1334 1234/1437/1334 1235/1423/1334
f 1213/1419/1335 1212/1416/1335 1227/1424/1335
f 1220/1418/1336 1235/1423/1336 1236/1426/1336
f 1213/1419/1337 1228/1425/1337 1229/1427/1337
f 1222/1422/1338 1221/1420/1338 1236/1426/1338
f 1214/1421/1339 1229/1427/1339 1230/1429/1339
f 1222/1422/1340 1237/1428/1340 1238/1430/1340
f 1216/1407/1341 1215/1406/1341 1230/1429/1341
f 1224/1409/1342 1223/1408/1342 1238/1430/1342
f 1216/1407/1343 1231/1431/1343 1232/1433/1343
f 1224/1409/1344 1239/1432/1344 1240/1434/1344
f 1218/1412/1345 1217/1410/1345 1232/1433/1345
f 1225/1411/1346 1240/1434/1346 1241/1436/1346
f 1219/1414/1347 1218/1412/1347 1233/1435/1347
f 1239/1432/1350 1238/1430/1350 1253/1440/1350
f 1231/1431/1351 1246/1456/1351 1247/1442/1351
f 1239/1432/1585 1254/1441/1585 1255/1443/1585
f 1233/1435/1353 1232/1433/1353 1247/1442/1353
f 1241/1436/1354 1240/1434/1354 1255/1443/1354
f 1234/1437/1355 1233/1435/1355 1248/1444/1355
f 1234/1437/1358 1249/1446/1358 1250/1450/1358
f 1228/1425/1359 1227/1424/1359 1242/1448/1359
f 1235/1423/1360 1250/1450/1360 1251/1452/1360
f 1228/1425/1586 1243/1451/1586 1244/1453/1586
f 1237/1428/1362 1236/1426/1362 1251/1452/1362
f 1229/1427/1363 1244/1453/1363 1245/1455/1363
f 1237/1428/1364 1252/1454/1364 1253/1440/1364
f 1231/1431/1365 1230/1429/1365 1245/1455/1365
f 1242/1448/1366 1257/1471/1366 1258/1457/1366
f 1250/1450/1367 1265/1473/1367 1266/1458/1367
f 1243/1451/1368 1258/1457/1368 1259/1459/1368
f 1252/1454/1369 1251/1452/1369 1266/1458/1369
f 1244/1453/1370 1259/1459/1370 1260/1461/1370
f 1252/1454/1371 1267/1460/1371 1268/1462/1371
f 1246/1456/1372 1245/1455/1372 1260/1461/1372
f 1254/1441/1373 1253/1440/1373 1268/1462/1373
f 1246/1456/1374 1261/1463/1374 1262/1465/1374
f 1254/1441/1375 1269/1464/1375 1270/1466/1375
f 1248/1444/1376 1247/1442/1376 1262/1465/1376
f 1256/1445/1377 1255/1443/1377 1270/1466/1377
f 1249/1446/1378 1248/1444/1378 1263/1467/1378
f 1249/1446/1381 1264/1469/1381 1265/1473/1381
f 1261/1463/1382 1277/1489/1382 1278/1474/1382
f 1269/1464/1383 1285/1490/1383 1286/1475/1383
f 1263/1467/1384 1262/1465/1384 1278/1474/1384
f 1270/1466/1587 1286/1475/1587 1287/1477/1587
f 1264/1469/1386 1263/1467/1386 1279/1476/1386
f 1264/1469/1389 1280/1478/1389 1281/1482/1389
f 1257/1471/1390 1273/1480/1390 1274/1483/1390
f 1265/1473/1391 1281/1482/1391 1282/1484/1391
f 1258/1457/1392 1274/1483/1392 1275/1485/1392
f 1267/1460/1393 1266/1458/1393 1282/1484/1393
f 1259/1459/1394 1275/1485/1394 1276/1487/1394
f 1267/1460/1395 1283/1486/1395 1284/1488/1395
f 1261/1463/1396 1260/1461/1396 1276/1487/1396
f 1269/1464/1397 1268/1462/1397 1284/1488/1397
f 1281/1482/1398 1296/1506/1398 1297/1491/1398
f 1274/1483/1399 1289/1507/1399 1290/1492/1399
f 1283/1486/1400 1282/1484/1400 1297/1491/1400
f 1275/1485/1401 1290/1492/1401 1291/1494/1401
f 1283/1486/1402 1298/1493/1402 1299/1495/1402
f 1276/1487/1403 1291/1494/1403 1292/1496/1403
f 1285/1490/1404 1284/1488/1404 1299/1495/1404
f 1277/1489/1405 1292/1496/1405 1293/1498/1405
f 1285/1490/1588 1300/1497/1588 1301/1499/1588
f 1279/1476/1407 1278/1474/1407 1293/1498/1407
f 1286/1475/1408 1301/1499/1408 1302/1501/1408
f 1280/1478/1409 1279/1476/1409 1294/1500/1409
f 1280/1478/1412 1295/1502/1412 1296/1506/1412
f 1273/1480/1413 1288/1504/1413 1289/1507/1413
f 1300/1497/1414 1315/1524/1414 1316/1508/1414
f 1294/1500/1415 1293/1498/1415 1308/1509/1415
f 1301/1499/1416 1316/1508/1416 1317/1511/1416
f 1295/1502/1417 1294/1500/1417 1309/1510/1417
f 1295/1502/1420 1310/1512/1420 1311/1516/1420
f 1288/1504/1421 1303/1514/1421 1304/1517/1421
f 1296/1506/1422 1311/1516/1422 1312/1518/1422
f 1289/1507/1423 1304/1517/1423 1305/1519/1423
f 1298/1493/1424 1297/1491/1424 1312/1518/1424
f 1290/1492/1425 1305/1519/1425 1306/1521/1425
f 1298/1493/1426 1313/1520/1426 1314/1522/1426
f 1292/1496/1427 1291/1494/1427 1306/1521/1427
f 1300/1497/1428 1299/1495/1428 1314/1522/1428
f 1292/1496/1429 1307/1523/1429 1308/1509/1429
f 1313/1520/1430 1312/1518/1430 1327/1525/1430
f 1305/1519/1431 1320/1541/1431 1321/1527/1431
f 1313/1520/1432 1328/1526/1432 1329/1528/1432
f 1307/1523/1433 1306/1521/1433 1321/1527/1433
f 1315/1524/1434 1314/1522/1434 1329/1528/1434
f 1307/1523/1435 1322/1529/1435 1323/1531/1435
f 1315/1524/1436 1330/1530/1436 1331/1532/1436
f 1309/1510/1437 1308/1509/1437 1323/1531/1437
f 1316/1508/1438 1331/1532/1438 1332/1534/1438
f 1310/1512/1589 1309/1510/1589 1324/1533/1589
f 1310/1512/1590 1325/1535/1590 1326/1539/1590
f 1303/1514/1443 1318/1537/1443 1319/1540/1443
f 1311/1516/1444 1326/1539/1444 1327/1525/1444
f 1305/1519/1445 1304/1517/1445 1319/1540/1445
f 1331/1542/1446 1346/1572/1446 1347/1543/1446
f 1325/1545/1591 1324/1573/1591 1339/1546/1591
f 1325/1545/1592 1340/1547/1592 1341/1552/1592
f 1318/1548/1451 1333/1550/1451 1334/1554/1451
f 1326/1553/1452 1341/1552/1452 1342/1556/1452
f 1320/1558/1453 1319/1555/1453 1334/1554/1453
f 1328/1560/1454 1327/1557/1454 1342/1556/1454
f 1320/1558/1455 1335/1559/1455 1336/1562/1455
f 1328/1560/1456 1343/1561/1456 1344/1564/1456
f 1322/1566/1457 1321/1563/1457 1336/1562/1457
f 1330/1568/1458 1329/1565/1458 1344/1564/1458
f 1322/1566/1459 1337/1567/1459 1338/1570/1459
f 1330/1568/1460 1345/1569/1460 1346/1572/1460
f 1324/1573/1461 1323/1571/1461 1338/1570/1461
f 1335/1559/1462 1350/1589/1462 1351/1574/1462
f 1343/1561/1463 1358/1590/1463 1359/1575/1463
f 1337/1567/1464 1336/1562/1464 1351/1574/1464
f 1345/1569/1465 1344/1564/1465 1359/1575/1465
f 1337/1567/1466 1352/1576/1466 1353/1578/1466
f 1345/1569/1467 1360/1577/1467 1361/1579/1467
f 1339/1546/1468 1338/1570/1468 1353/1578/1468
f 1346/1572/1469 1361/1579/1469 1362/1581/1469
f 1340/1547/1470 1339/1546/1470 1354/1580/1470
f 1340/1547/1473 1355/1582/1473 1356/1586/1473
f 1333/1550/1474 1348/1584/1474 1349/1587/1474
f 1341/1552/1475 1356/1586/1475 1357/1588/1475
f 1335/1559/1476 1334/1554/1476 1349/1587/1476
f 1343/1561/1477 1342/1556/1477 1357/1588/1477
f 1355/1582/1478 1354/1580/1478 1369/1591/1478
f 1355/1582/1481 1370/1592/1481 1371/1597/1481
f 1349/1587/1482 1348/1584/1482 1363/1594/1482
f 1356/1586/1483 1371/1597/1483 1372/1599/1483
f 1349/1587/1484 1364/1598/1484 1365/1600/1484
f 1358/1590/1485 1357/1588/1485 1372/1599/1485
f 1350/1589/1486 1365/1600/1486 1366/1602/1486
f 1358/1590/1487 1373/1601/1487 1374/1603/1487
f 1352/1576/1488 1351/1574/1488 1366/1602/1488
f 1360/1577/1489 1359/1575/1489 1374/1603/1489
f 1352/1576/1490 1367/1604/1490 1368/1606/1490
f 1361/1579/1491 1360/1577/1491 1375/1605/1491
f 1354/1580/1492 1353/1578/1492 1368/1606/1492
f 1361/1579/1493 1376/1607/1493 1377/1596/1493
f 1373/1601/1494 1388/1624/1494 1389/1608/1494
f 1367/1604/1495 1366/1602/1495 1381/1609/1495
f 1375/1605/1496 1374/1603/1496 1389/1608/1496
f 1367/1604/1497 1382/1610/1497 1383/1612/1497
f 1375/1605/1498 1390/1611/1498 1391/1613/1498
f 1369/1591/1499 1368/1606/1499 1383/1612/1499
f 1376/1607/1500 1391/1613/1500 1392/1615/1500
f 1370/1592/1501 1369/1591/1501 1384/1614/1501
f 1370/1592/1504 1385/1616/1504 1386/1620/1504
f 1363/1594/1505 1378/1618/1505 1379/1621/1505
f 1371/1597/1506 1386/1620/1506 1387/1622/1506
f 1365/1600/1507 1364/1598/1507 1379/1621/1507
f 1373/1601/1508 1372/1599/1508 1387/1622/1508
f 1365/1600/1509 1380/1623/1509 1381/1609/1509
f 1385/1616/1512 1400/1641/1512 1401/1629/1512
f 1378/1618/1513 1393/1626/1513 1394/1630/1513
f 1386/1620/1514 1401/1629/1514 1402/1631/1514
f 1380/1623/1515 1379/1621/1515 1394/1630/1515
f 1388/1624/1516 1387/1622/1516 1402/1631/1516
f 1380/1623/1517 1395/1632/1517 1396/1634/1517
f 1388/1624/1518 1403/1633/1518 1404/1635/1518
f 1382/1610/1519 1381/1609/1519 1396/1634/1519
f 1390/1611/1520 1389/1608/1520 1404/1635/1520
f 1382/1610/1521 1397/1636/1521 1398/1638/1521
f 1390/1611/1522 1405/1637/1522 1406/1639/1522
f 1384/1614/1523 1383/1612/1523 1398/1638/1523
f 1391/1613/1524 1406/1639/1524 1407/1628/1524
f 1385/1616/1525 1384/1614/1525 1399/1640/1525
f 1397/1636/1526 1396/1634/1526 1411/1642/1526
f 1405/1637/1527 1404/1635/1527 1419/1644/1527
f 1397/1636/1528 1412/1643/1528 1413/1646/1528
f 1405/1637/1529 1420/1645/1529 1421/1647/1529
f 1399/1640/1530 1398/1638/1530 1413/1646/1530
f 1406/1639/1531 1421/1647/1531 1422/1649/1531
f 1400/1641/1532 1399/1640/1532 1414/1648/1532
f 1400/1641/1535 1415/1650/1535 1416/1654/1535
f 1394/1630/1536 1393/1626/1536 1408/1652/1536
f 1401/1629/1537 1416/1654/1537 1417/1656/1537
f 1394/1630/1538 1409/1655/1538 1410/1657/1538
f 1403/1633/1539 1402/1631/1539 1417/1656/1539
f 1395/1632/1540 1410/1657/1540 1411/1642/1540
f 1403/1633/1541 1418/1658/1541 1419/1644/1541
f 1415/1650/1542 1430/1672/1542 1431/1659/1542
f 1408/1652/1543 1423/1674/1543 1424/1660/1543
f 1416/1654/1544 1431/1659/1544 1432/1661/1544
f 1410/1657/1545 1409/1655/1545 1424/1660/1545
f 1418/1658/1546 1417/1656/1546 1432/1661/1546
f 1410/1657/1547 1425/1662/1547 1426/1664/1547
f 1418/1658/1548 1433/1663/1548 1434/1665/1548
f 1412/1643/1549 1411/1642/1549 1426/1664/1549
f 1420/1645/1550 1419/1644/1550 1434/1665/1550
f 1412/1643/1551 1427/1666/1551 1428/1668/1551
f 1420/1645/1552 1435/1667/1552 1436/1669/1552
f 1414/1648/1553 1413/1646/1553 1428/1668/1553
f 1422/1649/1554 1421/1647/1554 1436/1669/1554
f 1415/1650/1555 1414/1648/1555 1429/1670/1555
f 1435/1667/1558 1434/1665/1558 1443/1119/1558
f 1428/1668/1559 1427/1666/1559 966/1150/1559
f 1435/1667/1560 1444/1121/1560 1445/1126/1560
f 1429/1670/1561 1428/1668/1561 1441/1122/1561
f 1436/1669/1562 1445/1126/1562 1446/1130/1562
f 1430/1672/1563 1429/1670/1563 967/1127/1563
f 1430/1672/1566 968/1132/1566 969/1138/1566
f 1424/1660/1567 1423/1674/1567 1438/1133/1567
f 1431/1659/1568 969/1138/1568 1442/1142/1568
f 1425/1662/1569 1424/1660/1569 1439/1139/1569
f 1432/1661/1570 1442/1142/1570 970/1146/1570
f 1426/1664/1571 1425/1662/1571 965/1143/1571
f 1433/1663/1572 970/1146/1572 1443/1119/1572
f 1427/1666/1573 1426/1664/1573 1440/1147/1573
o 立方体
v 0.500000 -0.100000 0.830000
v 0.500000 0.100000 0.830000
v 0.500000 -0.100000 1.030000
v 0.500000 0.100000 1.030000
v -0.500000 -0.100000 0.830000
v -0.500000 0.100000 0.830000
v -0.500000 -0.100000 1.030000
v -0.500000 0.100000 1.030000
vn 1.0000 -0.0000 -0.0000
vn -0.0000 -0.0000 1.0000
vn -1.0000 -0.0000 -0.0000
vn -0.0000 -0.0000 -1.0000
vn -0.0000 -1.0000 -0.0000
vn -0.0000 1.0000 -0.0000
vt 0.625000 0.000000
vt 0.375000 0.250000
vt 0.375000 0.000000
vt 0.625000 0.250000
vt 0.375000 0.500000
vt 0.625000 0.500000
vt 0.375000 0.750000
vt 0.625000 0.750000
vt 0.375000 1.000000
vt 0.125000 0.750000
vt 0.125000 0.500000
vt 0.875000 0.500000
vt 0.625000 1.000000
vt 0.875000 0.750000
s 0
f 1448/1678/1593 1449/1679/1593 1447/1680/1593
f 1450/1681/1594 1453/1682/1594 1449/1679/1594
f 1454/1683/1595 1451/1684/1595 1453/1682/1595
f 1452/1685/1596 1447/1686/1596 1451/1684/1596
f 1453/1682/1597 1447/1687/1597 1449/1688/1597
f 1450/1689/1598 1452/1685/1598 1454/1683/1598
f 1448/1678/1593 1450/1681/1593 1449/1679/1593
f 1450/1681/1594 1454/1683/1594 1453/1682/1594
f 1454/1683/1595 1452/1685/1595 1451/1684/1595
f 1452/1685/1596 1448/1690/1596 1447/1686/1596
f 1453/1682/1597 1451/1684/1597 1447/1687/1597
f 1450/1689/1598 1448/1691/1598 1452/1685/1598
